2026-05-03 10:07:58 - Starting HotelApplication using Java 25.0.2 with PID 155044 (C:\Users\orlan\Documents\GitHub\proyecto-aplicacion-reserva-hotelera\backend-springboot-aplicacion-web-reserva-hotelera\hotel\target\classes started by orlan in C:\Users\orlan\Documents\GitHub\proyecto-aplicacion-reserva-hotelera\backend-springboot-aplicacion-web-reserva-hotelera\hotel)
2026-05-03 10:07:58 - No active profile set, falling back to 1 default profile: "default"
2026-05-03 10:07:58 - Bootstrapping Spring Data JPA repositories in DEFAULT mode.
2026-05-03 10:07:58 - Finished Spring Data repository scanning in 4 ms. Found 1 JPA repository interface.
2026-05-03 10:07:58 - Tomcat initialized with port 8082 (http)
2026-05-03 10:07:58 - Starting service [Tomcat]
2026-05-03 10:07:58 - Starting Servlet engine: [Apache Tomcat/10.1.30]
2026-05-03 10:07:59 - Initializing Spring embedded WebApplicationContext
2026-05-03 10:07:59 - Root WebApplicationContext: initialization completed in 113 ms
2026-05-03 10:07:59 - HHH000204: Processing PersistenceUnitInfo [name: default]
2026-05-03 10:07:59 - HHH000026: Second-level cache disabled
2026-05-03 10:07:59 - No LoadTimeWeaver setup: ignoring JPA class transformer
2026-05-03 10:07:59 - HikariPool-2 - Starting...
2026-05-03 10:07:59 - HikariPool-2 - Added connection com.mysql.cj.jdbc.ConnectionImpl@6e2752df
2026-05-03 10:07:59 - HikariPool-2 - Start completed.
2026-05-03 10:07:59 - HHH000489: No JTA platform available (set 'hibernate.transaction.jta.platform' to enable JTA platform integration)
2026-05-03 10:07:59 - Initialized JPA EntityManagerFactory for persistence unit 'default'
2026-05-03 10:07:59 - spring.jpa.open-in-view is enabled by default. Therefore, database queries may be performed during view rendering. Explicitly configure spring.jpa.open-in-view to disable this warning
2026-05-03 10:07:59 - LiveReload server is running on port 35729
2026-05-03 10:07:59 - Tomcat started on port 8082 (http) with context path '/'
2026-05-03 10:07:59 - Started HotelApplication in 0.294 seconds (process running for 218.31)
2026-05-03 10:07:59 - Condition evaluation unchanged
2026-05-03 10:08:10 - Closing JPA EntityManagerFactory for persistence unit 'default'
2026-05-03 10:08:10 - HikariPool-2 - Shutdown initiated...
2026-05-03 10:08:10 - HikariPool-2 - Shutdown completed.
2026-05-03 10:08:14 - Starting HotelApplication using Java 25.0.2 with PID 147728 (C:\Users\orlan\Documents\GitHub\proyecto-aplicacion-reserva-hotelera\backend-springboot-aplicacion-web-reserva-hotelera\hotel\target\classes started by orlan in C:\Users\orlan\Documents\GitHub\proyecto-aplicacion-reserva-hotelera\backend-springboot-aplicacion-web-reserva-hotelera\hotel)
2026-05-03 10:08:14 - No active profile set, falling back to 1 default profile: "default"
2026-05-03 10:08:14 - Devtools property defaults active! Set 'spring.devtools.add-properties' to 'false' to disable
2026-05-03 10:08:14 - For additional web related logging consider setting the 'logging.level.web' property to 'DEBUG'
2026-05-03 10:08:14 - Bootstrapping Spring Data JPA repositories in DEFAULT mode.
2026-05-03 10:08:14 - Finished Spring Data repository scanning in 24 ms. Found 1 JPA repository interface.
2026-05-03 10:08:14 - Tomcat initialized with port 8082 (http)
2026-05-03 10:08:14 - Initializing ProtocolHandler ["http-nio-8082"]
2026-05-03 10:08:14 - Starting service [Tomcat]
2026-05-03 10:08:14 - Starting Servlet engine: [Apache Tomcat/10.1.30]
2026-05-03 10:08:14 - Initializing Spring embedded WebApplicationContext
2026-05-03 10:08:14 - Root WebApplicationContext: initialization completed in 596 ms
2026-05-03 10:08:14 - HHH000204: Processing PersistenceUnitInfo [name: default]
2026-05-03 10:08:15 - HHH000412: Hibernate ORM core version 6.5.3.Final
2026-05-03 10:08:15 - HHH000026: Second-level cache disabled
2026-05-03 10:08:15 - No LoadTimeWeaver setup: ignoring JPA class transformer
2026-05-03 10:08:15 - HikariPool-1 - Starting...
2026-05-03 10:08:15 - HikariPool-1 - Added connection com.mysql.cj.jdbc.ConnectionImpl@33981a75
2026-05-03 10:08:15 - HikariPool-1 - Start completed.
2026-05-03 10:08:15 - HHH000489: No JTA platform available (set 'hibernate.transaction.jta.platform' to enable JTA platform integration)
2026-05-03 10:08:15 - Initialized JPA EntityManagerFactory for persistence unit 'default'
2026-05-03 10:08:15 - Hibernate is in classpath; If applicable, HQL parser will be used.
2026-05-03 10:08:15 - spring.jpa.open-in-view is enabled by default. Therefore, database queries may be performed during view rendering. Explicitly configure spring.jpa.open-in-view to disable this warning
2026-05-03 10:08:15 - LiveReload server is running on port 35729
2026-05-03 10:08:15 - Starting ProtocolHandler ["http-nio-8082"]
2026-05-03 10:08:15 - Tomcat started on port 8082 (http) with context path '/'
2026-05-03 10:08:15 - Started HotelApplication in 1.889 seconds (process running for 2.185)
2026-05-03 10:08:19 - Closing JPA EntityManagerFactory for persistence unit 'default'
2026-05-03 10:08:19 - HikariPool-1 - Shutdown initiated...
2026-05-03 10:08:19 - HikariPool-1 - Shutdown completed.
2026-05-03 15:08:13 - Starting HotelApplication using Java 25.0.2 with PID 234636 (C:\Users\orlan\Documents\GitHub\proyecto-aplicacion-reserva-hotelera\backend-springboot-aplicacion-web-reserva-hotelera\hotel\target\classes started by orlan in C:\Users\orlan\Documents\GitHub\proyecto-aplicacion-reserva-hotelera\backend-springboot-aplicacion-web-reserva-hotelera\hotel)
2026-05-03 15:08:13 - No active profile set, falling back to 1 default profile: "default"
2026-05-03 15:08:13 - Devtools property defaults active! Set 'spring.devtools.add-properties' to 'false' to disable
2026-05-03 15:08:13 - For additional web related logging consider setting the 'logging.level.web' property to 'DEBUG'
2026-05-03 15:08:13 - Bootstrapping Spring Data JPA repositories in DEFAULT mode.
2026-05-03 15:08:13 - Finished Spring Data repository scanning in 23 ms. Found 1 JPA repository interface.
2026-05-03 15:08:13 - Tomcat initialized with port 8082 (http)
2026-05-03 15:08:13 - Initializing ProtocolHandler ["http-nio-8082"]
2026-05-03 15:08:13 - Starting service [Tomcat]
2026-05-03 15:08:13 - Starting Servlet engine: [Apache Tomcat/10.1.30]
2026-05-03 15:08:13 - Initializing Spring embedded WebApplicationContext
2026-05-03 15:08:13 - Root WebApplicationContext: initialization completed in 668 ms
2026-05-03 15:08:13 - HHH000204: Processing PersistenceUnitInfo [name: default]
2026-05-03 15:08:13 - HHH000412: Hibernate ORM core version 6.5.3.Final
2026-05-03 15:08:13 - HHH000026: Second-level cache disabled
2026-05-03 15:08:14 - No LoadTimeWeaver setup: ignoring JPA class transformer
2026-05-03 15:08:14 - HikariPool-1 - Starting...
2026-05-03 15:08:14 - HikariPool-1 - Added connection com.mysql.cj.jdbc.ConnectionImpl@10a424e2
2026-05-03 15:08:14 - HikariPool-1 - Start completed.
2026-05-03 15:08:14 - HHH000489: No JTA platform available (set 'hibernate.transaction.jta.platform' to enable JTA platform integration)
2026-05-03 15:08:14 - Initialized JPA EntityManagerFactory for persistence unit 'default'
2026-05-03 15:08:14 - Hibernate is in classpath; If applicable, HQL parser will be used.
2026-05-03 15:08:14 - spring.jpa.open-in-view is enabled by default. Therefore, database queries may be performed during view rendering. Explicitly configure spring.jpa.open-in-view to disable this warning
2026-05-03 15:08:14 - LiveReload server is running on port 35729
2026-05-03 15:08:14 - Starting ProtocolHandler ["http-nio-8082"]
2026-05-03 15:08:14 - Tomcat started on port 8082 (http) with context path '/'
2026-05-03 15:08:14 - Started HotelApplication in 2.055 seconds (process running for 2.365)
2026-05-03 15:08:17 - Closing JPA EntityManagerFactory for persistence unit 'default'
2026-05-03 15:08:17 - HikariPool-1 - Shutdown initiated...
2026-05-03 15:08:17 - HikariPool-1 - Shutdown completed.
2026-05-03 15:08:50 - Starting HotelApplication using Java 25.0.2 with PID 190868 (C:\Users\orlan\Documents\GitHub\proyecto-aplicacion-reserva-hotelera\backend-springboot-aplicacion-web-reserva-hotelera\hotel\target\classes started by orlan in C:\Users\orlan\Documents\GitHub\proyecto-aplicacion-reserva-hotelera\backend-springboot-aplicacion-web-reserva-hotelera\hotel)
2026-05-03 15:08:50 - No active profile set, falling back to 1 default profile: "default"
2026-05-03 15:08:50 - Devtools property defaults active! Set 'spring.devtools.add-properties' to 'false' to disable
2026-05-03 15:08:50 - For additional web related logging consider setting the 'logging.level.web' property to 'DEBUG'
2026-05-03 15:08:50 - Bootstrapping Spring Data JPA repositories in DEFAULT mode.
2026-05-03 15:08:50 - Finished Spring Data repository scanning in 21 ms. Found 1 JPA repository interface.
2026-05-03 15:08:50 - Tomcat initialized with port 8082 (http)
2026-05-03 15:08:50 - Initializing ProtocolHandler ["http-nio-8082"]
2026-05-03 15:08:50 - Starting service [Tomcat]
2026-05-03 15:08:50 - Starting Servlet engine: [Apache Tomcat/10.1.30]
2026-05-03 15:08:50 - Initializing Spring embedded WebApplicationContext
2026-05-03 15:08:50 - Root WebApplicationContext: initialization completed in 602 ms
2026-05-03 15:08:50 - HHH000204: Processing PersistenceUnitInfo [name: default]
2026-05-03 15:08:51 - HHH000412: Hibernate ORM core version 6.5.3.Final
2026-05-03 15:08:51 - HHH000026: Second-level cache disabled
2026-05-03 15:08:51 - No LoadTimeWeaver setup: ignoring JPA class transformer
2026-05-03 15:08:51 - HikariPool-1 - Starting...
2026-05-03 15:08:51 - HikariPool-1 - Added connection com.mysql.cj.jdbc.ConnectionImpl@3a54ffdd
2026-05-03 15:08:51 - HikariPool-1 - Start completed.
2026-05-03 15:08:51 - HHH000489: No JTA platform available (set 'hibernate.transaction.jta.platform' to enable JTA platform integration)
2026-05-03 15:08:51 - Initialized JPA EntityManagerFactory for persistence unit 'default'
2026-05-03 15:08:51 - Hibernate is in classpath; If applicable, HQL parser will be used.
2026-05-03 15:08:51 - spring.jpa.open-in-view is enabled by default. Therefore, database queries may be performed during view rendering. Explicitly configure spring.jpa.open-in-view to disable this warning
2026-05-03 15:08:51 - LiveReload server is running on port 35729
2026-05-03 15:08:51 - Starting ProtocolHandler ["http-nio-8082"]
2026-05-03 15:08:51 - Tomcat started on port 8082 (http) with context path '/'
2026-05-03 15:08:51 - Started HotelApplication in 1.949 seconds (process running for 2.27)
2026-05-03 15:08:55 - Initializing Spring DispatcherServlet 'dispatcherServlet'
2026-05-03 15:08:55 - Initializing Servlet 'dispatcherServlet'
2026-05-03 15:08:55 - Completed initialization in 1 ms
2026-05-03 15:08:55 - método getAvailableHotelsWithServices()
2026-05-03 15:08:55 - SQL Error: 0, SQLState: S0022
2026-05-03 15:08:55 - Column 'city_name' not found.
2026-05-03 15:08:55 - error in getAvailableHotelsWithServices
org.springframework.dao.InvalidDataAccessResourceUsageException: Unable to find column position by name: city_name [Column 'city_name' not found.] [n/a]; SQL [n/a]
	at org.springframework.orm.jpa.vendor.HibernateJpaDialect.convertHibernateAccessException(HibernateJpaDialect.java:277)
	at org.springframework.orm.jpa.vendor.HibernateJpaDialect.translateExceptionIfPossible(HibernateJpaDialect.java:241)
	at org.springframework.orm.jpa.AbstractEntityManagerFactoryBean.translateExceptionIfPossible(AbstractEntityManagerFactoryBean.java:550)
	at org.springframework.dao.support.ChainedPersistenceExceptionTranslator.translateExceptionIfPossible(ChainedPersistenceExceptionTranslator.java:61)
	at org.springframework.dao.support.DataAccessUtils.translateIfNecessary(DataAccessUtils.java:335)
	at org.springframework.dao.support.PersistenceExceptionTranslationInterceptor.invoke(PersistenceExceptionTranslationInterceptor.java:160)
	at org.springframework.aop.framework.ReflectiveMethodInvocation.proceed(ReflectiveMethodInvocation.java:184)
	at org.springframework.data.jpa.repository.support.CrudMethodMetadataPostProcessor$CrudMethodMetadataPopulatingMethodInterceptor.invoke(CrudMethodMetadataPostProcessor.java:136)
	at org.springframework.aop.framework.ReflectiveMethodInvocation.proceed(ReflectiveMethodInvocation.java:184)
	at org.springframework.aop.interceptor.ExposeInvocationInterceptor.invoke(ExposeInvocationInterceptor.java:97)
	at org.springframework.aop.framework.ReflectiveMethodInvocation.proceed(ReflectiveMethodInvocation.java:184)
	at org.springframework.aop.framework.JdkDynamicAopProxy.invoke(JdkDynamicAopProxy.java:223)
	at jdk.proxy4/jdk.proxy4.$Proxy117.findAvailableHotelsByCity(Unknown Source)
	at com.hotelsbook.hotel.service.HotelService.getAvailableHotelsWithServicesAndReviews(HotelService.java:33)
	at com.hotelsbook.hotel.controller.HotelController.getAvailableHotelsWithServices(HotelController.java:40)
	at java.base/jdk.internal.reflect.DirectMethodHandleAccessor.invoke(DirectMethodHandleAccessor.java:104)
	at java.base/java.lang.reflect.Method.invoke(Method.java:565)
	at org.springframework.web.method.support.InvocableHandlerMethod.doInvoke(InvocableHandlerMethod.java:255)
	at org.springframework.web.method.support.InvocableHandlerMethod.invokeForRequest(InvocableHandlerMethod.java:188)
	at org.springframework.web.servlet.mvc.method.annotation.ServletInvocableHandlerMethod.invokeAndHandle(ServletInvocableHandlerMethod.java:118)
	at org.springframework.web.servlet.mvc.method.annotation.RequestMappingHandlerAdapter.invokeHandlerMethod(RequestMappingHandlerAdapter.java:926)
	at org.springframework.web.servlet.mvc.method.annotation.RequestMappingHandlerAdapter.handleInternal(RequestMappingHandlerAdapter.java:831)
	at org.springframework.web.servlet.mvc.method.AbstractHandlerMethodAdapter.handle(AbstractHandlerMethodAdapter.java:87)
	at org.springframework.web.servlet.DispatcherServlet.doDispatch(DispatcherServlet.java:1089)
	at org.springframework.web.servlet.DispatcherServlet.doService(DispatcherServlet.java:979)
	at org.springframework.web.servlet.FrameworkServlet.processRequest(FrameworkServlet.java:1014)
	at org.springframework.web.servlet.FrameworkServlet.doGet(FrameworkServlet.java:903)
	at jakarta.servlet.http.HttpServlet.service(HttpServlet.java:564)
	at org.springframework.web.servlet.FrameworkServlet.service(FrameworkServlet.java:885)
	at jakarta.servlet.http.HttpServlet.service(HttpServlet.java:658)
	at org.apache.catalina.core.ApplicationFilterChain.internalDoFilter(ApplicationFilterChain.java:195)
	at org.apache.catalina.core.ApplicationFilterChain.doFilter(ApplicationFilterChain.java:140)
	at org.apache.tomcat.websocket.server.WsFilter.doFilter(WsFilter.java:51)
	at org.apache.catalina.core.ApplicationFilterChain.internalDoFilter(ApplicationFilterChain.java:164)
	at org.apache.catalina.core.ApplicationFilterChain.doFilter(ApplicationFilterChain.java:140)
	at org.springframework.web.filter.RequestContextFilter.doFilterInternal(RequestContextFilter.java:100)
	at org.springframework.web.filter.OncePerRequestFilter.doFilter(OncePerRequestFilter.java:116)
	at org.apache.catalina.core.ApplicationFilterChain.internalDoFilter(ApplicationFilterChain.java:164)
	at org.apache.catalina.core.ApplicationFilterChain.doFilter(ApplicationFilterChain.java:140)
	at org.springframework.web.filter.FormContentFilter.doFilterInternal(FormContentFilter.java:93)
	at org.springframework.web.filter.OncePerRequestFilter.doFilter(OncePerRequestFilter.java:116)
	at org.apache.catalina.core.ApplicationFilterChain.internalDoFilter(ApplicationFilterChain.java:164)
	at org.apache.catalina.core.ApplicationFilterChain.doFilter(ApplicationFilterChain.java:140)
	at org.springframework.web.filter.CharacterEncodingFilter.doFilterInternal(CharacterEncodingFilter.java:201)
	at org.springframework.web.filter.OncePerRequestFilter.doFilter(OncePerRequestFilter.java:116)
	at org.apache.catalina.core.ApplicationFilterChain.internalDoFilter(ApplicationFilterChain.java:164)
	at org.apache.catalina.core.ApplicationFilterChain.doFilter(ApplicationFilterChain.java:140)
	at org.apache.catalina.core.StandardWrapperValve.invoke(StandardWrapperValve.java:167)
	at org.apache.catalina.core.StandardContextValve.invoke(StandardContextValve.java:90)
	at org.apache.catalina.authenticator.AuthenticatorBase.invoke(AuthenticatorBase.java:483)
	at org.apache.catalina.core.StandardHostValve.invoke(StandardHostValve.java:115)
	at org.apache.catalina.valves.ErrorReportValve.invoke(ErrorReportValve.java:93)
	at org.apache.catalina.core.StandardEngineValve.invoke(StandardEngineValve.java:74)
	at org.apache.catalina.connector.CoyoteAdapter.service(CoyoteAdapter.java:344)
	at org.apache.coyote.http11.Http11Processor.service(Http11Processor.java:384)
	at org.apache.coyote.AbstractProcessorLight.process(AbstractProcessorLight.java:63)
	at org.apache.coyote.AbstractProtocol$ConnectionHandler.process(AbstractProtocol.java:905)
	at org.apache.tomcat.util.net.NioEndpoint$SocketProcessor.doRun(NioEndpoint.java:1741)
	at org.apache.tomcat.util.net.SocketProcessorBase.run(SocketProcessorBase.java:52)
	at org.apache.tomcat.util.threads.ThreadPoolExecutor.runWorker(ThreadPoolExecutor.java:1190)
	at org.apache.tomcat.util.threads.ThreadPoolExecutor$Worker.run(ThreadPoolExecutor.java:659)
	at org.apache.tomcat.util.threads.TaskThread$WrappingRunnable.run(TaskThread.java:63)
	at java.base/java.lang.Thread.run(Thread.java:1474)
Caused by: org.hibernate.exception.SQLGrammarException: Unable to find column position by name: city_name [Column 'city_name' not found.] [n/a]
	at org.hibernate.exception.internal.SQLStateConversionDelegate.convert(SQLStateConversionDelegate.java:91)
	at org.hibernate.exception.internal.StandardSQLExceptionConverter.convert(StandardSQLExceptionConverter.java:58)
	at org.hibernate.engine.jdbc.spi.SqlExceptionHelper.convert(SqlExceptionHelper.java:108)
	at org.hibernate.engine.jdbc.spi.SqlExceptionHelper.convert(SqlExceptionHelper.java:94)
	at org.hibernate.sql.results.jdbc.internal.AbstractResultSetAccess.resolveColumnPosition(AbstractResultSetAccess.java:70)
	at org.hibernate.query.results.ResultsHelper.lambda$resolveSqlExpression$0(ResultsHelper.java:63)
	at org.hibernate.query.results.DomainResultCreationStateImpl.resolveSqlExpression(DomainResultCreationStateImpl.java:278)
	at org.hibernate.query.results.ResultsHelper.resolveSqlExpression(ResultsHelper.java:57)
	at org.hibernate.query.results.implicit.ImplicitFetchBuilderBasic.buildFetch(ImplicitFetchBuilderBasic.java:97)
	at org.hibernate.query.results.implicit.ImplicitFetchBuilderBasic.buildFetch(ImplicitFetchBuilderBasic.java:37)
	at org.hibernate.query.results.DomainResultCreationStateImpl.lambda$createFetchableConsumer$3(DomainResultCreationStateImpl.java:539)
	at org.hibernate.metamodel.mapping.internal.ImmutableAttributeMappingList.forEach(ImmutableAttributeMappingList.java:44)
	at org.hibernate.persister.entity.AbstractEntityPersister.visitFetchables(AbstractEntityPersister.java:6188)
	at org.hibernate.query.results.DomainResultCreationStateImpl.visitFetches(DomainResultCreationStateImpl.java:454)
	at org.hibernate.sql.results.graph.AbstractFetchParent.afterInitialize(AbstractFetchParent.java:32)
	at org.hibernate.sql.results.graph.entity.AbstractEntityResultGraphNode.afterInitialize(AbstractEntityResultGraphNode.java:72)
	at org.hibernate.persister.entity.AbstractEntityPersister.createDomainResult(AbstractEntityPersister.java:1370)
	at org.hibernate.query.results.dynamic.DynamicResultBuilderEntityCalculated.buildResult(DynamicResultBuilderEntityCalculated.java:129)
	at org.hibernate.query.results.dynamic.DynamicResultBuilderEntityCalculated.buildResult(DynamicResultBuilderEntityCalculated.java:30)
	at org.hibernate.query.results.ResultSetMappingImpl.resolve(ResultSetMappingImpl.java:229)
	at org.hibernate.sql.exec.internal.JdbcSelectExecutorStandardImpl.resolveJdbcValuesSource(JdbcSelectExecutorStandardImpl.java:327)
	at org.hibernate.sql.exec.internal.JdbcSelectExecutorStandardImpl.doExecuteQuery(JdbcSelectExecutorStandardImpl.java:115)
	at org.hibernate.sql.exec.internal.JdbcSelectExecutorStandardImpl.executeQuery(JdbcSelectExecutorStandardImpl.java:83)
	at org.hibernate.sql.exec.spi.JdbcSelectExecutor.list(JdbcSelectExecutor.java:76)
	at org.hibernate.sql.exec.spi.JdbcSelectExecutor.list(JdbcSelectExecutor.java:65)
	at org.hibernate.query.sql.internal.NativeSelectQueryPlanImpl.performList(NativeSelectQueryPlanImpl.java:138)
	at org.hibernate.query.sql.internal.NativeQueryImpl.doList(NativeQueryImpl.java:628)
	at org.hibernate.query.spi.AbstractSelectionQuery.list(AbstractSelectionQuery.java:423)
	at org.hibernate.query.Query.getResultList(Query.java:120)
	at org.springframework.data.jpa.repository.query.JpaQueryExecution$CollectionExecution.doExecute(JpaQueryExecution.java:129)
	at org.springframework.data.jpa.repository.query.JpaQueryExecution.execute(JpaQueryExecution.java:92)
	at org.springframework.data.jpa.repository.query.AbstractJpaQuery.doExecute(AbstractJpaQuery.java:152)
	at org.springframework.data.jpa.repository.query.AbstractJpaQuery.execute(AbstractJpaQuery.java:140)
	at org.springframework.data.repository.core.support.RepositoryMethodInvoker.doInvoke(RepositoryMethodInvoker.java:170)
	at org.springframework.data.repository.core.support.RepositoryMethodInvoker.invoke(RepositoryMethodInvoker.java:158)
	at org.springframework.data.repository.core.support.QueryExecutorMethodInterceptor.doInvoke(QueryExecutorMethodInterceptor.java:169)
	at org.springframework.data.repository.core.support.QueryExecutorMethodInterceptor.invoke(QueryExecutorMethodInterceptor.java:148)
	at org.springframework.aop.framework.ReflectiveMethodInvocation.proceed(ReflectiveMethodInvocation.java:184)
	at org.springframework.data.projection.DefaultMethodInvokingMethodInterceptor.invoke(DefaultMethodInvokingMethodInterceptor.java:70)
	at org.springframework.aop.framework.ReflectiveMethodInvocation.proceed(ReflectiveMethodInvocation.java:184)
	at org.springframework.transaction.interceptor.TransactionAspectSupport.invokeWithinTransaction(TransactionAspectSupport.java:379)
	at org.springframework.transaction.interceptor.TransactionInterceptor.invoke(TransactionInterceptor.java:119)
	at org.springframework.aop.framework.ReflectiveMethodInvocation.proceed(ReflectiveMethodInvocation.java:184)
	at org.springframework.dao.support.PersistenceExceptionTranslationInterceptor.invoke(PersistenceExceptionTranslationInterceptor.java:138)
	... 57 common frames omitted
Caused by: java.sql.SQLException: Column 'city_name' not found.
	at com.mysql.cj.jdbc.exceptions.SQLError.createSQLException(SQLError.java:130)
	at com.mysql.cj.jdbc.exceptions.SQLError.createSQLException(SQLError.java:98)
	at com.mysql.cj.jdbc.exceptions.SQLError.createSQLException(SQLError.java:90)
	at com.mysql.cj.jdbc.exceptions.SQLError.createSQLException(SQLError.java:64)
	at com.mysql.cj.jdbc.result.ResultSetImpl.findColumn(ResultSetImpl.java:580)
	at com.zaxxer.hikari.pool.HikariProxyResultSet.findColumn(HikariProxyResultSet.java)
	at org.hibernate.sql.results.jdbc.internal.AbstractResultSetAccess.resolveColumnPosition(AbstractResultSetAccess.java:65)
	... 96 common frames omitted
2026-05-03 15:08:56 - método getAvailableHotelsWithServices()
2026-05-03 15:08:56 - SQL Error: 0, SQLState: S0022
2026-05-03 15:08:56 - Column 'city_name' not found.
2026-05-03 15:08:56 - error in getAvailableHotelsWithServices
org.springframework.dao.InvalidDataAccessResourceUsageException: Unable to find column position by name: city_name [Column 'city_name' not found.] [n/a]; SQL [n/a]
	at org.springframework.orm.jpa.vendor.HibernateJpaDialect.convertHibernateAccessException(HibernateJpaDialect.java:277)
	at org.springframework.orm.jpa.vendor.HibernateJpaDialect.translateExceptionIfPossible(HibernateJpaDialect.java:241)
	at org.springframework.orm.jpa.AbstractEntityManagerFactoryBean.translateExceptionIfPossible(AbstractEntityManagerFactoryBean.java:550)
	at org.springframework.dao.support.ChainedPersistenceExceptionTranslator.translateExceptionIfPossible(ChainedPersistenceExceptionTranslator.java:61)
	at org.springframework.dao.support.DataAccessUtils.translateIfNecessary(DataAccessUtils.java:335)
	at org.springframework.dao.support.PersistenceExceptionTranslationInterceptor.invoke(PersistenceExceptionTranslationInterceptor.java:160)
	at org.springframework.aop.framework.ReflectiveMethodInvocation.proceed(ReflectiveMethodInvocation.java:184)
	at org.springframework.data.jpa.repository.support.CrudMethodMetadataPostProcessor$CrudMethodMetadataPopulatingMethodInterceptor.invoke(CrudMethodMetadataPostProcessor.java:136)
	at org.springframework.aop.framework.ReflectiveMethodInvocation.proceed(ReflectiveMethodInvocation.java:184)
	at org.springframework.aop.interceptor.ExposeInvocationInterceptor.invoke(ExposeInvocationInterceptor.java:97)
	at org.springframework.aop.framework.ReflectiveMethodInvocation.proceed(ReflectiveMethodInvocation.java:184)
	at org.springframework.aop.framework.JdkDynamicAopProxy.invoke(JdkDynamicAopProxy.java:223)
	at jdk.proxy4/jdk.proxy4.$Proxy117.findAvailableHotelsByCity(Unknown Source)
	at com.hotelsbook.hotel.service.HotelService.getAvailableHotelsWithServicesAndReviews(HotelService.java:33)
	at com.hotelsbook.hotel.controller.HotelController.getAvailableHotelsWithServices(HotelController.java:40)
	at java.base/jdk.internal.reflect.DirectMethodHandleAccessor.invoke(DirectMethodHandleAccessor.java:104)
	at java.base/java.lang.reflect.Method.invoke(Method.java:565)
	at org.springframework.web.method.support.InvocableHandlerMethod.doInvoke(InvocableHandlerMethod.java:255)
	at org.springframework.web.method.support.InvocableHandlerMethod.invokeForRequest(InvocableHandlerMethod.java:188)
	at org.springframework.web.servlet.mvc.method.annotation.ServletInvocableHandlerMethod.invokeAndHandle(ServletInvocableHandlerMethod.java:118)
	at org.springframework.web.servlet.mvc.method.annotation.RequestMappingHandlerAdapter.invokeHandlerMethod(RequestMappingHandlerAdapter.java:926)
	at org.springframework.web.servlet.mvc.method.annotation.RequestMappingHandlerAdapter.handleInternal(RequestMappingHandlerAdapter.java:831)
	at org.springframework.web.servlet.mvc.method.AbstractHandlerMethodAdapter.handle(AbstractHandlerMethodAdapter.java:87)
	at org.springframework.web.servlet.DispatcherServlet.doDispatch(DispatcherServlet.java:1089)
	at org.springframework.web.servlet.DispatcherServlet.doService(DispatcherServlet.java:979)
	at org.springframework.web.servlet.FrameworkServlet.processRequest(FrameworkServlet.java:1014)
	at org.springframework.web.servlet.FrameworkServlet.doGet(FrameworkServlet.java:903)
	at jakarta.servlet.http.HttpServlet.service(HttpServlet.java:564)
	at org.springframework.web.servlet.FrameworkServlet.service(FrameworkServlet.java:885)
	at jakarta.servlet.http.HttpServlet.service(HttpServlet.java:658)
	at org.apache.catalina.core.ApplicationFilterChain.internalDoFilter(ApplicationFilterChain.java:195)
	at org.apache.catalina.core.ApplicationFilterChain.doFilter(ApplicationFilterChain.java:140)
	at org.apache.tomcat.websocket.server.WsFilter.doFilter(WsFilter.java:51)
	at org.apache.catalina.core.ApplicationFilterChain.internalDoFilter(ApplicationFilterChain.java:164)
	at org.apache.catalina.core.ApplicationFilterChain.doFilter(ApplicationFilterChain.java:140)
	at org.springframework.web.filter.RequestContextFilter.doFilterInternal(RequestContextFilter.java:100)
	at org.springframework.web.filter.OncePerRequestFilter.doFilter(OncePerRequestFilter.java:116)
	at org.apache.catalina.core.ApplicationFilterChain.internalDoFilter(ApplicationFilterChain.java:164)
	at org.apache.catalina.core.ApplicationFilterChain.doFilter(ApplicationFilterChain.java:140)
	at org.springframework.web.filter.FormContentFilter.doFilterInternal(FormContentFilter.java:93)
	at org.springframework.web.filter.OncePerRequestFilter.doFilter(OncePerRequestFilter.java:116)
	at org.apache.catalina.core.ApplicationFilterChain.internalDoFilter(ApplicationFilterChain.java:164)
	at org.apache.catalina.core.ApplicationFilterChain.doFilter(ApplicationFilterChain.java:140)
	at org.springframework.web.filter.CharacterEncodingFilter.doFilterInternal(CharacterEncodingFilter.java:201)
	at org.springframework.web.filter.OncePerRequestFilter.doFilter(OncePerRequestFilter.java:116)
	at org.apache.catalina.core.ApplicationFilterChain.internalDoFilter(ApplicationFilterChain.java:164)
	at org.apache.catalina.core.ApplicationFilterChain.doFilter(ApplicationFilterChain.java:140)
	at org.apache.catalina.core.StandardWrapperValve.invoke(StandardWrapperValve.java:167)
	at org.apache.catalina.core.StandardContextValve.invoke(StandardContextValve.java:90)
	at org.apache.catalina.authenticator.AuthenticatorBase.invoke(AuthenticatorBase.java:483)
	at org.apache.catalina.core.StandardHostValve.invoke(StandardHostValve.java:115)
	at org.apache.catalina.valves.ErrorReportValve.invoke(ErrorReportValve.java:93)
	at org.apache.catalina.core.StandardEngineValve.invoke(StandardEngineValve.java:74)
	at org.apache.catalina.connector.CoyoteAdapter.service(CoyoteAdapter.java:344)
	at org.apache.coyote.http11.Http11Processor.service(Http11Processor.java:384)
	at org.apache.coyote.AbstractProcessorLight.process(AbstractProcessorLight.java:63)
	at org.apache.coyote.AbstractProtocol$ConnectionHandler.process(AbstractProtocol.java:905)
	at org.apache.tomcat.util.net.NioEndpoint$SocketProcessor.doRun(NioEndpoint.java:1741)
	at org.apache.tomcat.util.net.SocketProcessorBase.run(SocketProcessorBase.java:52)
	at org.apache.tomcat.util.threads.ThreadPoolExecutor.runWorker(ThreadPoolExecutor.java:1190)
	at org.apache.tomcat.util.threads.ThreadPoolExecutor$Worker.run(ThreadPoolExecutor.java:659)
	at org.apache.tomcat.util.threads.TaskThread$WrappingRunnable.run(TaskThread.java:63)
	at java.base/java.lang.Thread.run(Thread.java:1474)
Caused by: org.hibernate.exception.SQLGrammarException: Unable to find column position by name: city_name [Column 'city_name' not found.] [n/a]
	at org.hibernate.exception.internal.SQLStateConversionDelegate.convert(SQLStateConversionDelegate.java:91)
	at org.hibernate.exception.internal.StandardSQLExceptionConverter.convert(StandardSQLExceptionConverter.java:58)
	at org.hibernate.engine.jdbc.spi.SqlExceptionHelper.convert(SqlExceptionHelper.java:108)
	at org.hibernate.engine.jdbc.spi.SqlExceptionHelper.convert(SqlExceptionHelper.java:94)
	at org.hibernate.sql.results.jdbc.internal.AbstractResultSetAccess.resolveColumnPosition(AbstractResultSetAccess.java:70)
	at org.hibernate.query.results.ResultsHelper.lambda$resolveSqlExpression$0(ResultsHelper.java:63)
	at org.hibernate.query.results.DomainResultCreationStateImpl.resolveSqlExpression(DomainResultCreationStateImpl.java:278)
	at org.hibernate.query.results.ResultsHelper.resolveSqlExpression(ResultsHelper.java:57)
	at org.hibernate.query.results.implicit.ImplicitFetchBuilderBasic.buildFetch(ImplicitFetchBuilderBasic.java:97)
	at org.hibernate.query.results.implicit.ImplicitFetchBuilderBasic.buildFetch(ImplicitFetchBuilderBasic.java:37)
	at org.hibernate.query.results.DomainResultCreationStateImpl.lambda$createFetchableConsumer$3(DomainResultCreationStateImpl.java:539)
	at org.hibernate.metamodel.mapping.internal.ImmutableAttributeMappingList.forEach(ImmutableAttributeMappingList.java:44)
	at org.hibernate.persister.entity.AbstractEntityPersister.visitFetchables(AbstractEntityPersister.java:6188)
	at org.hibernate.query.results.DomainResultCreationStateImpl.visitFetches(DomainResultCreationStateImpl.java:454)
	at org.hibernate.sql.results.graph.AbstractFetchParent.afterInitialize(AbstractFetchParent.java:32)
	at org.hibernate.sql.results.graph.entity.AbstractEntityResultGraphNode.afterInitialize(AbstractEntityResultGraphNode.java:72)
	at org.hibernate.persister.entity.AbstractEntityPersister.createDomainResult(AbstractEntityPersister.java:1370)
	at org.hibernate.query.results.dynamic.DynamicResultBuilderEntityCalculated.buildResult(DynamicResultBuilderEntityCalculated.java:129)
	at org.hibernate.query.results.dynamic.DynamicResultBuilderEntityCalculated.buildResult(DynamicResultBuilderEntityCalculated.java:30)
	at org.hibernate.query.results.ResultSetMappingImpl.resolve(ResultSetMappingImpl.java:229)
	at org.hibernate.sql.exec.internal.JdbcSelectExecutorStandardImpl.resolveJdbcValuesSource(JdbcSelectExecutorStandardImpl.java:327)
	at org.hibernate.sql.exec.internal.JdbcSelectExecutorStandardImpl.doExecuteQuery(JdbcSelectExecutorStandardImpl.java:115)
	at org.hibernate.sql.exec.internal.JdbcSelectExecutorStandardImpl.executeQuery(JdbcSelectExecutorStandardImpl.java:83)
	at org.hibernate.sql.exec.spi.JdbcSelectExecutor.list(JdbcSelectExecutor.java:76)
	at org.hibernate.sql.exec.spi.JdbcSelectExecutor.list(JdbcSelectExecutor.java:65)
	at org.hibernate.query.sql.internal.NativeSelectQueryPlanImpl.performList(NativeSelectQueryPlanImpl.java:138)
	at org.hibernate.query.sql.internal.NativeQueryImpl.doList(NativeQueryImpl.java:628)
	at org.hibernate.query.spi.AbstractSelectionQuery.list(AbstractSelectionQuery.java:423)
	at org.hibernate.query.Query.getResultList(Query.java:120)
	at org.springframework.data.jpa.repository.query.JpaQueryExecution$CollectionExecution.doExecute(JpaQueryExecution.java:129)
	at org.springframework.data.jpa.repository.query.JpaQueryExecution.execute(JpaQueryExecution.java:92)
	at org.springframework.data.jpa.repository.query.AbstractJpaQuery.doExecute(AbstractJpaQuery.java:152)
	at org.springframework.data.jpa.repository.query.AbstractJpaQuery.execute(AbstractJpaQuery.java:140)
	at org.springframework.data.repository.core.support.RepositoryMethodInvoker.doInvoke(RepositoryMethodInvoker.java:170)
	at org.springframework.data.repository.core.support.RepositoryMethodInvoker.invoke(RepositoryMethodInvoker.java:158)
	at org.springframework.data.repository.core.support.QueryExecutorMethodInterceptor.doInvoke(QueryExecutorMethodInterceptor.java:169)
	at org.springframework.data.repository.core.support.QueryExecutorMethodInterceptor.invoke(QueryExecutorMethodInterceptor.java:148)
	at org.springframework.aop.framework.ReflectiveMethodInvocation.proceed(ReflectiveMethodInvocation.java:184)
	at org.springframework.data.projection.DefaultMethodInvokingMethodInterceptor.invoke(DefaultMethodInvokingMethodInterceptor.java:70)
	at org.springframework.aop.framework.ReflectiveMethodInvocation.proceed(ReflectiveMethodInvocation.java:184)
	at org.springframework.transaction.interceptor.TransactionAspectSupport.invokeWithinTransaction(TransactionAspectSupport.java:379)
	at org.springframework.transaction.interceptor.TransactionInterceptor.invoke(TransactionInterceptor.java:119)
	at org.springframework.aop.framework.ReflectiveMethodInvocation.proceed(ReflectiveMethodInvocation.java:184)
	at org.springframework.dao.support.PersistenceExceptionTranslationInterceptor.invoke(PersistenceExceptionTranslationInterceptor.java:138)
	... 57 common frames omitted
Caused by: java.sql.SQLException: Column 'city_name' not found.
	at com.mysql.cj.jdbc.exceptions.SQLError.createSQLException(SQLError.java:130)
	at com.mysql.cj.jdbc.exceptions.SQLError.createSQLException(SQLError.java:98)
	at com.mysql.cj.jdbc.exceptions.SQLError.createSQLException(SQLError.java:90)
	at com.mysql.cj.jdbc.exceptions.SQLError.createSQLException(SQLError.java:64)
	at com.mysql.cj.jdbc.result.ResultSetImpl.findColumn(ResultSetImpl.java:580)
	at com.zaxxer.hikari.pool.HikariProxyResultSet.findColumn(HikariProxyResultSet.java)
	at org.hibernate.sql.results.jdbc.internal.AbstractResultSetAccess.resolveColumnPosition(AbstractResultSetAccess.java:65)
	... 96 common frames omitted
2026-05-03 15:08:57 - método getAvailableHotelsWithServices()
2026-05-03 15:08:57 - SQL Error: 0, SQLState: S0022
2026-05-03 15:08:57 - Column 'city_name' not found.
2026-05-03 15:08:57 - error in getAvailableHotelsWithServices
org.springframework.dao.InvalidDataAccessResourceUsageException: Unable to find column position by name: city_name [Column 'city_name' not found.] [n/a]; SQL [n/a]
	at org.springframework.orm.jpa.vendor.HibernateJpaDialect.convertHibernateAccessException(HibernateJpaDialect.java:277)
	at org.springframework.orm.jpa.vendor.HibernateJpaDialect.translateExceptionIfPossible(HibernateJpaDialect.java:241)
	at org.springframework.orm.jpa.AbstractEntityManagerFactoryBean.translateExceptionIfPossible(AbstractEntityManagerFactoryBean.java:550)
	at org.springframework.dao.support.ChainedPersistenceExceptionTranslator.translateExceptionIfPossible(ChainedPersistenceExceptionTranslator.java:61)
	at org.springframework.dao.support.DataAccessUtils.translateIfNecessary(DataAccessUtils.java:335)
	at org.springframework.dao.support.PersistenceExceptionTranslationInterceptor.invoke(PersistenceExceptionTranslationInterceptor.java:160)
	at org.springframework.aop.framework.ReflectiveMethodInvocation.proceed(ReflectiveMethodInvocation.java:184)
	at org.springframework.data.jpa.repository.support.CrudMethodMetadataPostProcessor$CrudMethodMetadataPopulatingMethodInterceptor.invoke(CrudMethodMetadataPostProcessor.java:136)
	at org.springframework.aop.framework.ReflectiveMethodInvocation.proceed(ReflectiveMethodInvocation.java:184)
	at org.springframework.aop.interceptor.ExposeInvocationInterceptor.invoke(ExposeInvocationInterceptor.java:97)
	at org.springframework.aop.framework.ReflectiveMethodInvocation.proceed(ReflectiveMethodInvocation.java:184)
	at org.springframework.aop.framework.JdkDynamicAopProxy.invoke(JdkDynamicAopProxy.java:223)
	at jdk.proxy4/jdk.proxy4.$Proxy117.findAvailableHotelsByCity(Unknown Source)
	at com.hotelsbook.hotel.service.HotelService.getAvailableHotelsWithServicesAndReviews(HotelService.java:33)
	at com.hotelsbook.hotel.controller.HotelController.getAvailableHotelsWithServices(HotelController.java:40)
	at java.base/jdk.internal.reflect.DirectMethodHandleAccessor.invoke(DirectMethodHandleAccessor.java:104)
	at java.base/java.lang.reflect.Method.invoke(Method.java:565)
	at org.springframework.web.method.support.InvocableHandlerMethod.doInvoke(InvocableHandlerMethod.java:255)
	at org.springframework.web.method.support.InvocableHandlerMethod.invokeForRequest(InvocableHandlerMethod.java:188)
	at org.springframework.web.servlet.mvc.method.annotation.ServletInvocableHandlerMethod.invokeAndHandle(ServletInvocableHandlerMethod.java:118)
	at org.springframework.web.servlet.mvc.method.annotation.RequestMappingHandlerAdapter.invokeHandlerMethod(RequestMappingHandlerAdapter.java:926)
	at org.springframework.web.servlet.mvc.method.annotation.RequestMappingHandlerAdapter.handleInternal(RequestMappingHandlerAdapter.java:831)
	at org.springframework.web.servlet.mvc.method.AbstractHandlerMethodAdapter.handle(AbstractHandlerMethodAdapter.java:87)
	at org.springframework.web.servlet.DispatcherServlet.doDispatch(DispatcherServlet.java:1089)
	at org.springframework.web.servlet.DispatcherServlet.doService(DispatcherServlet.java:979)
	at org.springframework.web.servlet.FrameworkServlet.processRequest(FrameworkServlet.java:1014)
	at org.springframework.web.servlet.FrameworkServlet.doGet(FrameworkServlet.java:903)
	at jakarta.servlet.http.HttpServlet.service(HttpServlet.java:564)
	at org.springframework.web.servlet.FrameworkServlet.service(FrameworkServlet.java:885)
	at jakarta.servlet.http.HttpServlet.service(HttpServlet.java:658)
	at org.apache.catalina.core.ApplicationFilterChain.internalDoFilter(ApplicationFilterChain.java:195)
	at org.apache.catalina.core.ApplicationFilterChain.doFilter(ApplicationFilterChain.java:140)
	at org.apache.tomcat.websocket.server.WsFilter.doFilter(WsFilter.java:51)
	at org.apache.catalina.core.ApplicationFilterChain.internalDoFilter(ApplicationFilterChain.java:164)
	at org.apache.catalina.core.ApplicationFilterChain.doFilter(ApplicationFilterChain.java:140)
	at org.springframework.web.filter.RequestContextFilter.doFilterInternal(RequestContextFilter.java:100)
	at org.springframework.web.filter.OncePerRequestFilter.doFilter(OncePerRequestFilter.java:116)
	at org.apache.catalina.core.ApplicationFilterChain.internalDoFilter(ApplicationFilterChain.java:164)
	at org.apache.catalina.core.ApplicationFilterChain.doFilter(ApplicationFilterChain.java:140)
	at org.springframework.web.filter.FormContentFilter.doFilterInternal(FormContentFilter.java:93)
	at org.springframework.web.filter.OncePerRequestFilter.doFilter(OncePerRequestFilter.java:116)
	at org.apache.catalina.core.ApplicationFilterChain.internalDoFilter(ApplicationFilterChain.java:164)
	at org.apache.catalina.core.ApplicationFilterChain.doFilter(ApplicationFilterChain.java:140)
	at org.springframework.web.filter.CharacterEncodingFilter.doFilterInternal(CharacterEncodingFilter.java:201)
	at org.springframework.web.filter.OncePerRequestFilter.doFilter(OncePerRequestFilter.java:116)
	at org.apache.catalina.core.ApplicationFilterChain.internalDoFilter(ApplicationFilterChain.java:164)
	at org.apache.catalina.core.ApplicationFilterChain.doFilter(ApplicationFilterChain.java:140)
	at org.apache.catalina.core.StandardWrapperValve.invoke(StandardWrapperValve.java:167)
	at org.apache.catalina.core.StandardContextValve.invoke(StandardContextValve.java:90)
	at org.apache.catalina.authenticator.AuthenticatorBase.invoke(AuthenticatorBase.java:483)
	at org.apache.catalina.core.StandardHostValve.invoke(StandardHostValve.java:115)
	at org.apache.catalina.valves.ErrorReportValve.invoke(ErrorReportValve.java:93)
	at org.apache.catalina.core.StandardEngineValve.invoke(StandardEngineValve.java:74)
	at org.apache.catalina.connector.CoyoteAdapter.service(CoyoteAdapter.java:344)
	at org.apache.coyote.http11.Http11Processor.service(Http11Processor.java:384)
	at org.apache.coyote.AbstractProcessorLight.process(AbstractProcessorLight.java:63)
	at org.apache.coyote.AbstractProtocol$ConnectionHandler.process(AbstractProtocol.java:905)
	at org.apache.tomcat.util.net.NioEndpoint$SocketProcessor.doRun(NioEndpoint.java:1741)
	at org.apache.tomcat.util.net.SocketProcessorBase.run(SocketProcessorBase.java:52)
	at org.apache.tomcat.util.threads.ThreadPoolExecutor.runWorker(ThreadPoolExecutor.java:1190)
	at org.apache.tomcat.util.threads.ThreadPoolExecutor$Worker.run(ThreadPoolExecutor.java:659)
	at org.apache.tomcat.util.threads.TaskThread$WrappingRunnable.run(TaskThread.java:63)
	at java.base/java.lang.Thread.run(Thread.java:1474)
Caused by: org.hibernate.exception.SQLGrammarException: Unable to find column position by name: city_name [Column 'city_name' not found.] [n/a]
	at org.hibernate.exception.internal.SQLStateConversionDelegate.convert(SQLStateConversionDelegate.java:91)
	at org.hibernate.exception.internal.StandardSQLExceptionConverter.convert(StandardSQLExceptionConverter.java:58)
	at org.hibernate.engine.jdbc.spi.SqlExceptionHelper.convert(SqlExceptionHelper.java:108)
	at org.hibernate.engine.jdbc.spi.SqlExceptionHelper.convert(SqlExceptionHelper.java:94)
	at org.hibernate.sql.results.jdbc.internal.AbstractResultSetAccess.resolveColumnPosition(AbstractResultSetAccess.java:70)
	at org.hibernate.query.results.ResultsHelper.lambda$resolveSqlExpression$0(ResultsHelper.java:63)
	at org.hibernate.query.results.DomainResultCreationStateImpl.resolveSqlExpression(DomainResultCreationStateImpl.java:278)
	at org.hibernate.query.results.ResultsHelper.resolveSqlExpression(ResultsHelper.java:57)
	at org.hibernate.query.results.implicit.ImplicitFetchBuilderBasic.buildFetch(ImplicitFetchBuilderBasic.java:97)
	at org.hibernate.query.results.implicit.ImplicitFetchBuilderBasic.buildFetch(ImplicitFetchBuilderBasic.java:37)
	at org.hibernate.query.results.DomainResultCreationStateImpl.lambda$createFetchableConsumer$3(DomainResultCreationStateImpl.java:539)
	at org.hibernate.metamodel.mapping.internal.ImmutableAttributeMappingList.forEach(ImmutableAttributeMappingList.java:44)
	at org.hibernate.persister.entity.AbstractEntityPersister.visitFetchables(AbstractEntityPersister.java:6188)
	at org.hibernate.query.results.DomainResultCreationStateImpl.visitFetches(DomainResultCreationStateImpl.java:454)
	at org.hibernate.sql.results.graph.AbstractFetchParent.afterInitialize(AbstractFetchParent.java:32)
	at org.hibernate.sql.results.graph.entity.AbstractEntityResultGraphNode.afterInitialize(AbstractEntityResultGraphNode.java:72)
	at org.hibernate.persister.entity.AbstractEntityPersister.createDomainResult(AbstractEntityPersister.java:1370)
	at org.hibernate.query.results.dynamic.DynamicResultBuilderEntityCalculated.buildResult(DynamicResultBuilderEntityCalculated.java:129)
	at org.hibernate.query.results.dynamic.DynamicResultBuilderEntityCalculated.buildResult(DynamicResultBuilderEntityCalculated.java:30)
	at org.hibernate.query.results.ResultSetMappingImpl.resolve(ResultSetMappingImpl.java:229)
	at org.hibernate.sql.exec.internal.JdbcSelectExecutorStandardImpl.resolveJdbcValuesSource(JdbcSelectExecutorStandardImpl.java:327)
	at org.hibernate.sql.exec.internal.JdbcSelectExecutorStandardImpl.doExecuteQuery(JdbcSelectExecutorStandardImpl.java:115)
	at org.hibernate.sql.exec.internal.JdbcSelectExecutorStandardImpl.executeQuery(JdbcSelectExecutorStandardImpl.java:83)
	at org.hibernate.sql.exec.spi.JdbcSelectExecutor.list(JdbcSelectExecutor.java:76)
	at org.hibernate.sql.exec.spi.JdbcSelectExecutor.list(JdbcSelectExecutor.java:65)
	at org.hibernate.query.sql.internal.NativeSelectQueryPlanImpl.performList(NativeSelectQueryPlanImpl.java:138)
	at org.hibernate.query.sql.internal.NativeQueryImpl.doList(NativeQueryImpl.java:628)
	at org.hibernate.query.spi.AbstractSelectionQuery.list(AbstractSelectionQuery.java:423)
	at org.hibernate.query.Query.getResultList(Query.java:120)
	at org.springframework.data.jpa.repository.query.JpaQueryExecution$CollectionExecution.doExecute(JpaQueryExecution.java:129)
	at org.springframework.data.jpa.repository.query.JpaQueryExecution.execute(JpaQueryExecution.java:92)
	at org.springframework.data.jpa.repository.query.AbstractJpaQuery.doExecute(AbstractJpaQuery.java:152)
	at org.springframework.data.jpa.repository.query.AbstractJpaQuery.execute(AbstractJpaQuery.java:140)
	at org.springframework.data.repository.core.support.RepositoryMethodInvoker.doInvoke(RepositoryMethodInvoker.java:170)
	at org.springframework.data.repository.core.support.RepositoryMethodInvoker.invoke(RepositoryMethodInvoker.java:158)
	at org.springframework.data.repository.core.support.QueryExecutorMethodInterceptor.doInvoke(QueryExecutorMethodInterceptor.java:169)
	at org.springframework.data.repository.core.support.QueryExecutorMethodInterceptor.invoke(QueryExecutorMethodInterceptor.java:148)
	at org.springframework.aop.framework.ReflectiveMethodInvocation.proceed(ReflectiveMethodInvocation.java:184)
	at org.springframework.data.projection.DefaultMethodInvokingMethodInterceptor.invoke(DefaultMethodInvokingMethodInterceptor.java:70)
	at org.springframework.aop.framework.ReflectiveMethodInvocation.proceed(ReflectiveMethodInvocation.java:184)
	at org.springframework.transaction.interceptor.TransactionAspectSupport.invokeWithinTransaction(TransactionAspectSupport.java:379)
	at org.springframework.transaction.interceptor.TransactionInterceptor.invoke(TransactionInterceptor.java:119)
	at org.springframework.aop.framework.ReflectiveMethodInvocation.proceed(ReflectiveMethodInvocation.java:184)
	at org.springframework.dao.support.PersistenceExceptionTranslationInterceptor.invoke(PersistenceExceptionTranslationInterceptor.java:138)
	... 57 common frames omitted
Caused by: java.sql.SQLException: Column 'city_name' not found.
	at com.mysql.cj.jdbc.exceptions.SQLError.createSQLException(SQLError.java:130)
	at com.mysql.cj.jdbc.exceptions.SQLError.createSQLException(SQLError.java:98)
	at com.mysql.cj.jdbc.exceptions.SQLError.createSQLException(SQLError.java:90)
	at com.mysql.cj.jdbc.exceptions.SQLError.createSQLException(SQLError.java:64)
	at com.mysql.cj.jdbc.result.ResultSetImpl.findColumn(ResultSetImpl.java:580)
	at com.zaxxer.hikari.pool.HikariProxyResultSet.findColumn(HikariProxyResultSet.java)
	at org.hibernate.sql.results.jdbc.internal.AbstractResultSetAccess.resolveColumnPosition(AbstractResultSetAccess.java:65)
	... 96 common frames omitted
2026-05-03 15:09:13 - Closing JPA EntityManagerFactory for persistence unit 'default'
2026-05-03 15:09:13 - HikariPool-1 - Shutdown initiated...
2026-05-03 15:09:13 - HikariPool-1 - Shutdown completed.
2026-05-03 19:08:42 - Starting HotelApplication using Java 25.0.2 with PID 225820 (C:\Users\orlan\Documents\GitHub\proyecto-aplicacion-reserva-hotelera\backend-springboot-aplicacion-web-reserva-hotelera\hotel\target\classes started by orlan in C:\Users\orlan\Documents\GitHub\proyecto-aplicacion-reserva-hotelera\backend-springboot-aplicacion-web-reserva-hotelera\hotel)
2026-05-03 19:08:42 - No active profile set, falling back to 1 default profile: "default"
2026-05-03 19:08:42 - Devtools property defaults active! Set 'spring.devtools.add-properties' to 'false' to disable
2026-05-03 19:08:42 - For additional web related logging consider setting the 'logging.level.web' property to 'DEBUG'
2026-05-03 19:08:43 - Bootstrapping Spring Data JPA repositories in DEFAULT mode.
2026-05-03 19:08:43 - Finished Spring Data repository scanning in 28 ms. Found 1 JPA repository interface.
2026-05-03 19:08:43 - Tomcat initialized with port 8082 (http)
2026-05-03 19:08:43 - Initializing ProtocolHandler ["http-nio-8082"]
2026-05-03 19:08:43 - Starting service [Tomcat]
2026-05-03 19:08:43 - Starting Servlet engine: [Apache Tomcat/10.1.30]
2026-05-03 19:08:43 - Initializing Spring embedded WebApplicationContext
2026-05-03 19:08:43 - Root WebApplicationContext: initialization completed in 753 ms
2026-05-03 19:08:43 - HHH000204: Processing PersistenceUnitInfo [name: default]
2026-05-03 19:08:43 - HHH000412: Hibernate ORM core version 6.5.3.Final
2026-05-03 19:08:43 - HHH000026: Second-level cache disabled
2026-05-03 19:08:43 - No LoadTimeWeaver setup: ignoring JPA class transformer
2026-05-03 19:08:43 - HikariPool-1 - Starting...
2026-05-03 19:08:43 - HikariPool-1 - Added connection com.mysql.cj.jdbc.ConnectionImpl@b5edd6a
2026-05-03 19:08:43 - HikariPool-1 - Start completed.
2026-05-03 19:08:44 - HHH000489: No JTA platform available (set 'hibernate.transaction.jta.platform' to enable JTA platform integration)
2026-05-03 19:08:44 - Initialized JPA EntityManagerFactory for persistence unit 'default'
2026-05-03 19:08:44 - Hibernate is in classpath; If applicable, HQL parser will be used.
2026-05-03 19:08:44 - spring.jpa.open-in-view is enabled by default. Therefore, database queries may be performed during view rendering. Explicitly configure spring.jpa.open-in-view to disable this warning
2026-05-03 19:08:44 - LiveReload server is running on port 35729
2026-05-03 19:08:44 - Starting ProtocolHandler ["http-nio-8082"]
2026-05-03 19:08:44 - Tomcat started on port 8082 (http) with context path '/'
2026-05-03 19:08:44 - Started HotelApplication in 2.512 seconds (process running for 2.954)
2026-05-03 19:08:48 - Closing JPA EntityManagerFactory for persistence unit 'default'
2026-05-03 19:08:48 - HikariPool-1 - Shutdown initiated...
2026-05-03 19:08:48 - HikariPool-1 - Shutdown completed.
2026-05-03 19:09:06 - Starting HotelApplication using Java 25.0.2 with PID 290132 (C:\Users\orlan\Documents\GitHub\proyecto-aplicacion-reserva-hotelera\backend-springboot-aplicacion-web-reserva-hotelera\hotel\target\classes started by orlan in C:\Users\orlan\Documents\GitHub\proyecto-aplicacion-reserva-hotelera\backend-springboot-aplicacion-web-reserva-hotelera\hotel)
2026-05-03 19:09:06 - No active profile set, falling back to 1 default profile: "default"
2026-05-03 19:09:06 - Devtools property defaults active! Set 'spring.devtools.add-properties' to 'false' to disable
2026-05-03 19:09:06 - For additional web related logging consider setting the 'logging.level.web' property to 'DEBUG'
2026-05-03 19:09:06 - Bootstrapping Spring Data JPA repositories in DEFAULT mode.
2026-05-03 19:09:06 - Finished Spring Data repository scanning in 22 ms. Found 1 JPA repository interface.
2026-05-03 19:09:06 - Tomcat initialized with port 8082 (http)
2026-05-03 19:09:06 - Initializing ProtocolHandler ["http-nio-8082"]
2026-05-03 19:09:06 - Starting service [Tomcat]
2026-05-03 19:09:06 - Starting Servlet engine: [Apache Tomcat/10.1.30]
2026-05-03 19:09:06 - Initializing Spring embedded WebApplicationContext
2026-05-03 19:09:06 - Root WebApplicationContext: initialization completed in 611 ms
2026-05-03 19:09:06 - HHH000204: Processing PersistenceUnitInfo [name: default]
2026-05-03 19:09:06 - HHH000412: Hibernate ORM core version 6.5.3.Final
2026-05-03 19:09:06 - HHH000026: Second-level cache disabled
2026-05-03 19:09:06 - No LoadTimeWeaver setup: ignoring JPA class transformer
2026-05-03 19:09:06 - HikariPool-1 - Starting...
2026-05-03 19:09:07 - HikariPool-1 - Added connection com.mysql.cj.jdbc.ConnectionImpl@7d80e269
2026-05-03 19:09:07 - HikariPool-1 - Start completed.
2026-05-03 19:09:07 - HHH000489: No JTA platform available (set 'hibernate.transaction.jta.platform' to enable JTA platform integration)
2026-05-03 19:09:07 - Initialized JPA EntityManagerFactory for persistence unit 'default'
2026-05-03 19:09:07 - Hibernate is in classpath; If applicable, HQL parser will be used.
2026-05-03 19:09:07 - spring.jpa.open-in-view is enabled by default. Therefore, database queries may be performed during view rendering. Explicitly configure spring.jpa.open-in-view to disable this warning
2026-05-03 19:09:07 - LiveReload server is running on port 35729
2026-05-03 19:09:07 - Starting ProtocolHandler ["http-nio-8082"]
2026-05-03 19:09:07 - Tomcat started on port 8082 (http) with context path '/'
2026-05-03 19:09:07 - Started HotelApplication in 1.963 seconds (process running for 2.263)
2026-05-03 19:09:10 - Initializing Spring DispatcherServlet 'dispatcherServlet'
2026-05-03 19:09:10 - Initializing Servlet 'dispatcherServlet'
2026-05-03 19:09:10 - Completed initialization in 0 ms
2026-05-03 19:09:10 - método getAvailableHotelsWithServices()
2026-05-03 19:09:11 - error in getAvailableHotelsWithServices
org.springframework.web.client.HttpClientErrorException$NotFound: 404 : "{"timestamp":"2026-05-04T00:09:13.461Z","status":404,"error":"Not Found","path":"/api/services/2"}"
	at org.springframework.web.client.HttpClientErrorException.create(HttpClientErrorException.java:112)
	at org.springframework.web.client.DefaultResponseErrorHandler.handleError(DefaultResponseErrorHandler.java:183)
	at org.springframework.web.client.DefaultResponseErrorHandler.handleError(DefaultResponseErrorHandler.java:137)
	at org.springframework.web.client.ResponseErrorHandler.handleError(ResponseErrorHandler.java:63)
	at org.springframework.web.client.RestTemplate.handleResponse(RestTemplate.java:942)
	at org.springframework.web.client.RestTemplate.doExecute(RestTemplate.java:891)
	at org.springframework.web.client.RestTemplate.execute(RestTemplate.java:790)
	at org.springframework.web.client.RestTemplate.exchange(RestTemplate.java:701)
	at com.hotelsbook.hotel.service.HotelServiceClient.getHotelServices(HotelServiceClient.java:33)
	at com.hotelsbook.hotel.service.HotelService.getAvailableHotelsWithServicesAndReviews(HotelService.java:43)
	at com.hotelsbook.hotel.controller.HotelController.getAvailableHotelsWithServices(HotelController.java:40)
	at java.base/jdk.internal.reflect.DirectMethodHandleAccessor.invoke(DirectMethodHandleAccessor.java:104)
	at java.base/java.lang.reflect.Method.invoke(Method.java:565)
	at org.springframework.web.method.support.InvocableHandlerMethod.doInvoke(InvocableHandlerMethod.java:255)
	at org.springframework.web.method.support.InvocableHandlerMethod.invokeForRequest(InvocableHandlerMethod.java:188)
	at org.springframework.web.servlet.mvc.method.annotation.ServletInvocableHandlerMethod.invokeAndHandle(ServletInvocableHandlerMethod.java:118)
	at org.springframework.web.servlet.mvc.method.annotation.RequestMappingHandlerAdapter.invokeHandlerMethod(RequestMappingHandlerAdapter.java:926)
	at org.springframework.web.servlet.mvc.method.annotation.RequestMappingHandlerAdapter.handleInternal(RequestMappingHandlerAdapter.java:831)
	at org.springframework.web.servlet.mvc.method.AbstractHandlerMethodAdapter.handle(AbstractHandlerMethodAdapter.java:87)
	at org.springframework.web.servlet.DispatcherServlet.doDispatch(DispatcherServlet.java:1089)
	at org.springframework.web.servlet.DispatcherServlet.doService(DispatcherServlet.java:979)
	at org.springframework.web.servlet.FrameworkServlet.processRequest(FrameworkServlet.java:1014)
	at org.springframework.web.servlet.FrameworkServlet.doGet(FrameworkServlet.java:903)
	at jakarta.servlet.http.HttpServlet.service(HttpServlet.java:564)
	at org.springframework.web.servlet.FrameworkServlet.service(FrameworkServlet.java:885)
	at jakarta.servlet.http.HttpServlet.service(HttpServlet.java:658)
	at org.apache.catalina.core.ApplicationFilterChain.internalDoFilter(ApplicationFilterChain.java:195)
	at org.apache.catalina.core.ApplicationFilterChain.doFilter(ApplicationFilterChain.java:140)
	at org.apache.tomcat.websocket.server.WsFilter.doFilter(WsFilter.java:51)
	at org.apache.catalina.core.ApplicationFilterChain.internalDoFilter(ApplicationFilterChain.java:164)
	at org.apache.catalina.core.ApplicationFilterChain.doFilter(ApplicationFilterChain.java:140)
	at org.springframework.web.filter.RequestContextFilter.doFilterInternal(RequestContextFilter.java:100)
	at org.springframework.web.filter.OncePerRequestFilter.doFilter(OncePerRequestFilter.java:116)
	at org.apache.catalina.core.ApplicationFilterChain.internalDoFilter(ApplicationFilterChain.java:164)
	at org.apache.catalina.core.ApplicationFilterChain.doFilter(ApplicationFilterChain.java:140)
	at org.springframework.web.filter.FormContentFilter.doFilterInternal(FormContentFilter.java:93)
	at org.springframework.web.filter.OncePerRequestFilter.doFilter(OncePerRequestFilter.java:116)
	at org.apache.catalina.core.ApplicationFilterChain.internalDoFilter(ApplicationFilterChain.java:164)
	at org.apache.catalina.core.ApplicationFilterChain.doFilter(ApplicationFilterChain.java:140)
	at org.springframework.web.filter.CharacterEncodingFilter.doFilterInternal(CharacterEncodingFilter.java:201)
	at org.springframework.web.filter.OncePerRequestFilter.doFilter(OncePerRequestFilter.java:116)
	at org.apache.catalina.core.ApplicationFilterChain.internalDoFilter(ApplicationFilterChain.java:164)
	at org.apache.catalina.core.ApplicationFilterChain.doFilter(ApplicationFilterChain.java:140)
	at org.apache.catalina.core.StandardWrapperValve.invoke(StandardWrapperValve.java:167)
	at org.apache.catalina.core.StandardContextValve.invoke(StandardContextValve.java:90)
	at org.apache.catalina.authenticator.AuthenticatorBase.invoke(AuthenticatorBase.java:483)
	at org.apache.catalina.core.StandardHostValve.invoke(StandardHostValve.java:115)
	at org.apache.catalina.valves.ErrorReportValve.invoke(ErrorReportValve.java:93)
	at org.apache.catalina.core.StandardEngineValve.invoke(StandardEngineValve.java:74)
	at org.apache.catalina.connector.CoyoteAdapter.service(CoyoteAdapter.java:344)
	at org.apache.coyote.http11.Http11Processor.service(Http11Processor.java:384)
	at org.apache.coyote.AbstractProcessorLight.process(AbstractProcessorLight.java:63)
	at org.apache.coyote.AbstractProtocol$ConnectionHandler.process(AbstractProtocol.java:905)
	at org.apache.tomcat.util.net.NioEndpoint$SocketProcessor.doRun(NioEndpoint.java:1741)
	at org.apache.tomcat.util.net.SocketProcessorBase.run(SocketProcessorBase.java:52)
	at org.apache.tomcat.util.threads.ThreadPoolExecutor.runWorker(ThreadPoolExecutor.java:1190)
	at org.apache.tomcat.util.threads.ThreadPoolExecutor$Worker.run(ThreadPoolExecutor.java:659)
	at org.apache.tomcat.util.threads.TaskThread$WrappingRunnable.run(TaskThread.java:63)
	at java.base/java.lang.Thread.run(Thread.java:1474)
2026-05-03 19:09:12 - método getAvailableHotelsWithServices()
2026-05-03 19:09:12 - error in getAvailableHotelsWithServices
org.springframework.web.client.HttpClientErrorException$NotFound: 404 : "{"timestamp":"2026-05-04T00:09:14.315Z","status":404,"error":"Not Found","path":"/api/services/2"}"
	at org.springframework.web.client.HttpClientErrorException.create(HttpClientErrorException.java:112)
	at org.springframework.web.client.DefaultResponseErrorHandler.handleError(DefaultResponseErrorHandler.java:183)
	at org.springframework.web.client.DefaultResponseErrorHandler.handleError(DefaultResponseErrorHandler.java:137)
	at org.springframework.web.client.ResponseErrorHandler.handleError(ResponseErrorHandler.java:63)
	at org.springframework.web.client.RestTemplate.handleResponse(RestTemplate.java:942)
	at org.springframework.web.client.RestTemplate.doExecute(RestTemplate.java:891)
	at org.springframework.web.client.RestTemplate.execute(RestTemplate.java:790)
	at org.springframework.web.client.RestTemplate.exchange(RestTemplate.java:701)
	at com.hotelsbook.hotel.service.HotelServiceClient.getHotelServices(HotelServiceClient.java:33)
	at com.hotelsbook.hotel.service.HotelService.getAvailableHotelsWithServicesAndReviews(HotelService.java:43)
	at com.hotelsbook.hotel.controller.HotelController.getAvailableHotelsWithServices(HotelController.java:40)
	at java.base/jdk.internal.reflect.DirectMethodHandleAccessor.invoke(DirectMethodHandleAccessor.java:104)
	at java.base/java.lang.reflect.Method.invoke(Method.java:565)
	at org.springframework.web.method.support.InvocableHandlerMethod.doInvoke(InvocableHandlerMethod.java:255)
	at org.springframework.web.method.support.InvocableHandlerMethod.invokeForRequest(InvocableHandlerMethod.java:188)
	at org.springframework.web.servlet.mvc.method.annotation.ServletInvocableHandlerMethod.invokeAndHandle(ServletInvocableHandlerMethod.java:118)
	at org.springframework.web.servlet.mvc.method.annotation.RequestMappingHandlerAdapter.invokeHandlerMethod(RequestMappingHandlerAdapter.java:926)
	at org.springframework.web.servlet.mvc.method.annotation.RequestMappingHandlerAdapter.handleInternal(RequestMappingHandlerAdapter.java:831)
	at org.springframework.web.servlet.mvc.method.AbstractHandlerMethodAdapter.handle(AbstractHandlerMethodAdapter.java:87)
	at org.springframework.web.servlet.DispatcherServlet.doDispatch(DispatcherServlet.java:1089)
	at org.springframework.web.servlet.DispatcherServlet.doService(DispatcherServlet.java:979)
	at org.springframework.web.servlet.FrameworkServlet.processRequest(FrameworkServlet.java:1014)
	at org.springframework.web.servlet.FrameworkServlet.doGet(FrameworkServlet.java:903)
	at jakarta.servlet.http.HttpServlet.service(HttpServlet.java:564)
	at org.springframework.web.servlet.FrameworkServlet.service(FrameworkServlet.java:885)
	at jakarta.servlet.http.HttpServlet.service(HttpServlet.java:658)
	at org.apache.catalina.core.ApplicationFilterChain.internalDoFilter(ApplicationFilterChain.java:195)
	at org.apache.catalina.core.ApplicationFilterChain.doFilter(ApplicationFilterChain.java:140)
	at org.apache.tomcat.websocket.server.WsFilter.doFilter(WsFilter.java:51)
	at org.apache.catalina.core.ApplicationFilterChain.internalDoFilter(ApplicationFilterChain.java:164)
	at org.apache.catalina.core.ApplicationFilterChain.doFilter(ApplicationFilterChain.java:140)
	at org.springframework.web.filter.RequestContextFilter.doFilterInternal(RequestContextFilter.java:100)
	at org.springframework.web.filter.OncePerRequestFilter.doFilter(OncePerRequestFilter.java:116)
	at org.apache.catalina.core.ApplicationFilterChain.internalDoFilter(ApplicationFilterChain.java:164)
	at org.apache.catalina.core.ApplicationFilterChain.doFilter(ApplicationFilterChain.java:140)
	at org.springframework.web.filter.FormContentFilter.doFilterInternal(FormContentFilter.java:93)
	at org.springframework.web.filter.OncePerRequestFilter.doFilter(OncePerRequestFilter.java:116)
	at org.apache.catalina.core.ApplicationFilterChain.internalDoFilter(ApplicationFilterChain.java:164)
	at org.apache.catalina.core.ApplicationFilterChain.doFilter(ApplicationFilterChain.java:140)
	at org.springframework.web.filter.CharacterEncodingFilter.doFilterInternal(CharacterEncodingFilter.java:201)
	at org.springframework.web.filter.OncePerRequestFilter.doFilter(OncePerRequestFilter.java:116)
	at org.apache.catalina.core.ApplicationFilterChain.internalDoFilter(ApplicationFilterChain.java:164)
	at org.apache.catalina.core.ApplicationFilterChain.doFilter(ApplicationFilterChain.java:140)
	at org.apache.catalina.core.StandardWrapperValve.invoke(StandardWrapperValve.java:167)
	at org.apache.catalina.core.StandardContextValve.invoke(StandardContextValve.java:90)
	at org.apache.catalina.authenticator.AuthenticatorBase.invoke(AuthenticatorBase.java:483)
	at org.apache.catalina.core.StandardHostValve.invoke(StandardHostValve.java:115)
	at org.apache.catalina.valves.ErrorReportValve.invoke(ErrorReportValve.java:93)
	at org.apache.catalina.core.StandardEngineValve.invoke(StandardEngineValve.java:74)
	at org.apache.catalina.connector.CoyoteAdapter.service(CoyoteAdapter.java:344)
	at org.apache.coyote.http11.Http11Processor.service(Http11Processor.java:384)
	at org.apache.coyote.AbstractProcessorLight.process(AbstractProcessorLight.java:63)
	at org.apache.coyote.AbstractProtocol$ConnectionHandler.process(AbstractProtocol.java:905)
	at org.apache.tomcat.util.net.NioEndpoint$SocketProcessor.doRun(NioEndpoint.java:1741)
	at org.apache.tomcat.util.net.SocketProcessorBase.run(SocketProcessorBase.java:52)
	at org.apache.tomcat.util.threads.ThreadPoolExecutor.runWorker(ThreadPoolExecutor.java:1190)
	at org.apache.tomcat.util.threads.ThreadPoolExecutor$Worker.run(ThreadPoolExecutor.java:659)
	at org.apache.tomcat.util.threads.TaskThread$WrappingRunnable.run(TaskThread.java:63)
	at java.base/java.lang.Thread.run(Thread.java:1474)
2026-05-03 19:09:57 - Closing JPA EntityManagerFactory for persistence unit 'default'
2026-05-03 19:09:57 - HikariPool-1 - Shutdown initiated...
2026-05-03 19:09:57 - HikariPool-1 - Shutdown completed.
2026-05-03 19:09:59 - Starting HotelApplication using Java 25.0.2 with PID 290884 (C:\Users\orlan\Documents\GitHub\proyecto-aplicacion-reserva-hotelera\backend-springboot-aplicacion-web-reserva-hotelera\hotel\target\classes started by orlan in C:\Users\orlan\Documents\GitHub\proyecto-aplicacion-reserva-hotelera\backend-springboot-aplicacion-web-reserva-hotelera\hotel)
2026-05-03 19:09:59 - No active profile set, falling back to 1 default profile: "default"
2026-05-03 19:09:59 - Devtools property defaults active! Set 'spring.devtools.add-properties' to 'false' to disable
2026-05-03 19:09:59 - For additional web related logging consider setting the 'logging.level.web' property to 'DEBUG'
2026-05-03 19:09:59 - Bootstrapping Spring Data JPA repositories in DEFAULT mode.
2026-05-03 19:09:59 - Finished Spring Data repository scanning in 23 ms. Found 1 JPA repository interface.
2026-05-03 19:09:59 - Tomcat initialized with port 8082 (http)
2026-05-03 19:09:59 - Initializing ProtocolHandler ["http-nio-8082"]
2026-05-03 19:09:59 - Starting service [Tomcat]
2026-05-03 19:09:59 - Starting Servlet engine: [Apache Tomcat/10.1.30]
2026-05-03 19:09:59 - Initializing Spring embedded WebApplicationContext
2026-05-03 19:09:59 - Root WebApplicationContext: initialization completed in 618 ms
2026-05-03 19:09:59 - HHH000204: Processing PersistenceUnitInfo [name: default]
2026-05-03 19:09:59 - HHH000412: Hibernate ORM core version 6.5.3.Final
2026-05-03 19:09:59 - HHH000026: Second-level cache disabled
2026-05-03 19:09:59 - No LoadTimeWeaver setup: ignoring JPA class transformer
2026-05-03 19:09:59 - HikariPool-1 - Starting...
2026-05-03 19:10:00 - HikariPool-1 - Added connection com.mysql.cj.jdbc.ConnectionImpl@3441057d
2026-05-03 19:10:00 - HikariPool-1 - Start completed.
2026-05-03 19:10:00 - HHH000489: No JTA platform available (set 'hibernate.transaction.jta.platform' to enable JTA platform integration)
2026-05-03 19:10:00 - Initialized JPA EntityManagerFactory for persistence unit 'default'
2026-05-03 19:10:00 - Hibernate is in classpath; If applicable, HQL parser will be used.
2026-05-03 19:10:00 - spring.jpa.open-in-view is enabled by default. Therefore, database queries may be performed during view rendering. Explicitly configure spring.jpa.open-in-view to disable this warning
2026-05-03 19:10:00 - LiveReload server is running on port 35729
2026-05-03 19:10:00 - Starting ProtocolHandler ["http-nio-8082"]
2026-05-03 19:10:00 - Tomcat started on port 8082 (http) with context path '/'
2026-05-03 19:10:00 - Started HotelApplication in 2.03 seconds (process running for 2.381)
2026-05-03 19:10:02 - Initializing Spring DispatcherServlet 'dispatcherServlet'
2026-05-03 19:10:02 - Initializing Servlet 'dispatcherServlet'
2026-05-03 19:10:02 - Completed initialization in 1 ms
2026-05-03 19:10:02 - método getAvailableHotelsWithServices()
2026-05-03 19:10:02 - error in getAvailableHotelsWithServices
org.springframework.web.client.HttpClientErrorException$NotFound: 404 : "{"timestamp":"2026-05-04T00:10:02.858Z","status":404,"error":"Not Found","path":"/api/services/2"}"
	at org.springframework.web.client.HttpClientErrorException.create(HttpClientErrorException.java:112)
	at org.springframework.web.client.DefaultResponseErrorHandler.handleError(DefaultResponseErrorHandler.java:183)
	at org.springframework.web.client.DefaultResponseErrorHandler.handleError(DefaultResponseErrorHandler.java:137)
	at org.springframework.web.client.ResponseErrorHandler.handleError(ResponseErrorHandler.java:63)
	at org.springframework.web.client.RestTemplate.handleResponse(RestTemplate.java:942)
	at org.springframework.web.client.RestTemplate.doExecute(RestTemplate.java:891)
	at org.springframework.web.client.RestTemplate.execute(RestTemplate.java:790)
	at org.springframework.web.client.RestTemplate.exchange(RestTemplate.java:701)
	at com.hotelsbook.hotel.service.HotelServiceClient.getHotelServices(HotelServiceClient.java:33)
	at com.hotelsbook.hotel.service.HotelService.getAvailableHotelsWithServicesAndReviews(HotelService.java:43)
	at com.hotelsbook.hotel.controller.HotelController.getAvailableHotelsWithServices(HotelController.java:40)
	at java.base/jdk.internal.reflect.DirectMethodHandleAccessor.invoke(DirectMethodHandleAccessor.java:104)
	at java.base/java.lang.reflect.Method.invoke(Method.java:565)
	at org.springframework.web.method.support.InvocableHandlerMethod.doInvoke(InvocableHandlerMethod.java:255)
	at org.springframework.web.method.support.InvocableHandlerMethod.invokeForRequest(InvocableHandlerMethod.java:188)
	at org.springframework.web.servlet.mvc.method.annotation.ServletInvocableHandlerMethod.invokeAndHandle(ServletInvocableHandlerMethod.java:118)
	at org.springframework.web.servlet.mvc.method.annotation.RequestMappingHandlerAdapter.invokeHandlerMethod(RequestMappingHandlerAdapter.java:926)
	at org.springframework.web.servlet.mvc.method.annotation.RequestMappingHandlerAdapter.handleInternal(RequestMappingHandlerAdapter.java:831)
	at org.springframework.web.servlet.mvc.method.AbstractHandlerMethodAdapter.handle(AbstractHandlerMethodAdapter.java:87)
	at org.springframework.web.servlet.DispatcherServlet.doDispatch(DispatcherServlet.java:1089)
	at org.springframework.web.servlet.DispatcherServlet.doService(DispatcherServlet.java:979)
	at org.springframework.web.servlet.FrameworkServlet.processRequest(FrameworkServlet.java:1014)
	at org.springframework.web.servlet.FrameworkServlet.doGet(FrameworkServlet.java:903)
	at jakarta.servlet.http.HttpServlet.service(HttpServlet.java:564)
	at org.springframework.web.servlet.FrameworkServlet.service(FrameworkServlet.java:885)
	at jakarta.servlet.http.HttpServlet.service(HttpServlet.java:658)
	at org.apache.catalina.core.ApplicationFilterChain.internalDoFilter(ApplicationFilterChain.java:195)
	at org.apache.catalina.core.ApplicationFilterChain.doFilter(ApplicationFilterChain.java:140)
	at org.apache.tomcat.websocket.server.WsFilter.doFilter(WsFilter.java:51)
	at org.apache.catalina.core.ApplicationFilterChain.internalDoFilter(ApplicationFilterChain.java:164)
	at org.apache.catalina.core.ApplicationFilterChain.doFilter(ApplicationFilterChain.java:140)
	at org.springframework.web.filter.RequestContextFilter.doFilterInternal(RequestContextFilter.java:100)
	at org.springframework.web.filter.OncePerRequestFilter.doFilter(OncePerRequestFilter.java:116)
	at org.apache.catalina.core.ApplicationFilterChain.internalDoFilter(ApplicationFilterChain.java:164)
	at org.apache.catalina.core.ApplicationFilterChain.doFilter(ApplicationFilterChain.java:140)
	at org.springframework.web.filter.FormContentFilter.doFilterInternal(FormContentFilter.java:93)
	at org.springframework.web.filter.OncePerRequestFilter.doFilter(OncePerRequestFilter.java:116)
	at org.apache.catalina.core.ApplicationFilterChain.internalDoFilter(ApplicationFilterChain.java:164)
	at org.apache.catalina.core.ApplicationFilterChain.doFilter(ApplicationFilterChain.java:140)
	at org.springframework.web.filter.CharacterEncodingFilter.doFilterInternal(CharacterEncodingFilter.java:201)
	at org.springframework.web.filter.OncePerRequestFilter.doFilter(OncePerRequestFilter.java:116)
	at org.apache.catalina.core.ApplicationFilterChain.internalDoFilter(ApplicationFilterChain.java:164)
	at org.apache.catalina.core.ApplicationFilterChain.doFilter(ApplicationFilterChain.java:140)
	at org.apache.catalina.core.StandardWrapperValve.invoke(StandardWrapperValve.java:167)
	at org.apache.catalina.core.StandardContextValve.invoke(StandardContextValve.java:90)
	at org.apache.catalina.authenticator.AuthenticatorBase.invoke(AuthenticatorBase.java:483)
	at org.apache.catalina.core.StandardHostValve.invoke(StandardHostValve.java:115)
	at org.apache.catalina.valves.ErrorReportValve.invoke(ErrorReportValve.java:93)
	at org.apache.catalina.core.StandardEngineValve.invoke(StandardEngineValve.java:74)
	at org.apache.catalina.connector.CoyoteAdapter.service(CoyoteAdapter.java:344)
	at org.apache.coyote.http11.Http11Processor.service(Http11Processor.java:384)
	at org.apache.coyote.AbstractProcessorLight.process(AbstractProcessorLight.java:63)
	at org.apache.coyote.AbstractProtocol$ConnectionHandler.process(AbstractProtocol.java:905)
	at org.apache.tomcat.util.net.NioEndpoint$SocketProcessor.doRun(NioEndpoint.java:1741)
	at org.apache.tomcat.util.net.SocketProcessorBase.run(SocketProcessorBase.java:52)
	at org.apache.tomcat.util.threads.ThreadPoolExecutor.runWorker(ThreadPoolExecutor.java:1190)
	at org.apache.tomcat.util.threads.ThreadPoolExecutor$Worker.run(ThreadPoolExecutor.java:659)
	at org.apache.tomcat.util.threads.TaskThread$WrappingRunnable.run(TaskThread.java:63)
	at java.base/java.lang.Thread.run(Thread.java:1474)
2026-05-03 19:10:03 - método getAvailableHotelsWithServices()
2026-05-03 19:10:03 - error in getAvailableHotelsWithServices
org.springframework.web.client.HttpClientErrorException$NotFound: 404 : "{"timestamp":"2026-05-04T00:10:03.649Z","status":404,"error":"Not Found","path":"/api/services/2"}"
	at org.springframework.web.client.HttpClientErrorException.create(HttpClientErrorException.java:112)
	at org.springframework.web.client.DefaultResponseErrorHandler.handleError(DefaultResponseErrorHandler.java:183)
	at org.springframework.web.client.DefaultResponseErrorHandler.handleError(DefaultResponseErrorHandler.java:137)
	at org.springframework.web.client.ResponseErrorHandler.handleError(ResponseErrorHandler.java:63)
	at org.springframework.web.client.RestTemplate.handleResponse(RestTemplate.java:942)
	at org.springframework.web.client.RestTemplate.doExecute(RestTemplate.java:891)
	at org.springframework.web.client.RestTemplate.execute(RestTemplate.java:790)
	at org.springframework.web.client.RestTemplate.exchange(RestTemplate.java:701)
	at com.hotelsbook.hotel.service.HotelServiceClient.getHotelServices(HotelServiceClient.java:33)
	at com.hotelsbook.hotel.service.HotelService.getAvailableHotelsWithServicesAndReviews(HotelService.java:43)
	at com.hotelsbook.hotel.controller.HotelController.getAvailableHotelsWithServices(HotelController.java:40)
	at java.base/jdk.internal.reflect.DirectMethodHandleAccessor.invoke(DirectMethodHandleAccessor.java:104)
	at java.base/java.lang.reflect.Method.invoke(Method.java:565)
	at org.springframework.web.method.support.InvocableHandlerMethod.doInvoke(InvocableHandlerMethod.java:255)
	at org.springframework.web.method.support.InvocableHandlerMethod.invokeForRequest(InvocableHandlerMethod.java:188)
	at org.springframework.web.servlet.mvc.method.annotation.ServletInvocableHandlerMethod.invokeAndHandle(ServletInvocableHandlerMethod.java:118)
	at org.springframework.web.servlet.mvc.method.annotation.RequestMappingHandlerAdapter.invokeHandlerMethod(RequestMappingHandlerAdapter.java:926)
	at org.springframework.web.servlet.mvc.method.annotation.RequestMappingHandlerAdapter.handleInternal(RequestMappingHandlerAdapter.java:831)
	at org.springframework.web.servlet.mvc.method.AbstractHandlerMethodAdapter.handle(AbstractHandlerMethodAdapter.java:87)
	at org.springframework.web.servlet.DispatcherServlet.doDispatch(DispatcherServlet.java:1089)
	at org.springframework.web.servlet.DispatcherServlet.doService(DispatcherServlet.java:979)
	at org.springframework.web.servlet.FrameworkServlet.processRequest(FrameworkServlet.java:1014)
	at org.springframework.web.servlet.FrameworkServlet.doGet(FrameworkServlet.java:903)
	at jakarta.servlet.http.HttpServlet.service(HttpServlet.java:564)
	at org.springframework.web.servlet.FrameworkServlet.service(FrameworkServlet.java:885)
	at jakarta.servlet.http.HttpServlet.service(HttpServlet.java:658)
	at org.apache.catalina.core.ApplicationFilterChain.internalDoFilter(ApplicationFilterChain.java:195)
	at org.apache.catalina.core.ApplicationFilterChain.doFilter(ApplicationFilterChain.java:140)
	at org.apache.tomcat.websocket.server.WsFilter.doFilter(WsFilter.java:51)
	at org.apache.catalina.core.ApplicationFilterChain.internalDoFilter(ApplicationFilterChain.java:164)
	at org.apache.catalina.core.ApplicationFilterChain.doFilter(ApplicationFilterChain.java:140)
	at org.springframework.web.filter.RequestContextFilter.doFilterInternal(RequestContextFilter.java:100)
	at org.springframework.web.filter.OncePerRequestFilter.doFilter(OncePerRequestFilter.java:116)
	at org.apache.catalina.core.ApplicationFilterChain.internalDoFilter(ApplicationFilterChain.java:164)
	at org.apache.catalina.core.ApplicationFilterChain.doFilter(ApplicationFilterChain.java:140)
	at org.springframework.web.filter.FormContentFilter.doFilterInternal(FormContentFilter.java:93)
	at org.springframework.web.filter.OncePerRequestFilter.doFilter(OncePerRequestFilter.java:116)
	at org.apache.catalina.core.ApplicationFilterChain.internalDoFilter(ApplicationFilterChain.java:164)
	at org.apache.catalina.core.ApplicationFilterChain.doFilter(ApplicationFilterChain.java:140)
	at org.springframework.web.filter.CharacterEncodingFilter.doFilterInternal(CharacterEncodingFilter.java:201)
	at org.springframework.web.filter.OncePerRequestFilter.doFilter(OncePerRequestFilter.java:116)
	at org.apache.catalina.core.ApplicationFilterChain.internalDoFilter(ApplicationFilterChain.java:164)
	at org.apache.catalina.core.ApplicationFilterChain.doFilter(ApplicationFilterChain.java:140)
	at org.apache.catalina.core.StandardWrapperValve.invoke(StandardWrapperValve.java:167)
	at org.apache.catalina.core.StandardContextValve.invoke(StandardContextValve.java:90)
	at org.apache.catalina.authenticator.AuthenticatorBase.invoke(AuthenticatorBase.java:483)
	at org.apache.catalina.core.StandardHostValve.invoke(StandardHostValve.java:115)
	at org.apache.catalina.valves.ErrorReportValve.invoke(ErrorReportValve.java:93)
	at org.apache.catalina.core.StandardEngineValve.invoke(StandardEngineValve.java:74)
	at org.apache.catalina.connector.CoyoteAdapter.service(CoyoteAdapter.java:344)
	at org.apache.coyote.http11.Http11Processor.service(Http11Processor.java:384)
	at org.apache.coyote.AbstractProcessorLight.process(AbstractProcessorLight.java:63)
	at org.apache.coyote.AbstractProtocol$ConnectionHandler.process(AbstractProtocol.java:905)
	at org.apache.tomcat.util.net.NioEndpoint$SocketProcessor.doRun(NioEndpoint.java:1741)
	at org.apache.tomcat.util.net.SocketProcessorBase.run(SocketProcessorBase.java:52)
	at org.apache.tomcat.util.threads.ThreadPoolExecutor.runWorker(ThreadPoolExecutor.java:1190)
	at org.apache.tomcat.util.threads.ThreadPoolExecutor$Worker.run(ThreadPoolExecutor.java:659)
	at org.apache.tomcat.util.threads.TaskThread$WrappingRunnable.run(TaskThread.java:63)
	at java.base/java.lang.Thread.run(Thread.java:1474)
2026-05-03 19:15:41 - método getAvailableHotelsWithServices()
2026-05-03 19:15:41 - error in getAvailableHotelsWithServices
org.springframework.web.client.HttpClientErrorException$NotFound: 404 : "{"timestamp":"2026-05-04T00:15:44.568Z","status":404,"error":"Not Found","path":"/api/services/2"}"
	at org.springframework.web.client.HttpClientErrorException.create(HttpClientErrorException.java:112)
	at org.springframework.web.client.DefaultResponseErrorHandler.handleError(DefaultResponseErrorHandler.java:183)
	at org.springframework.web.client.DefaultResponseErrorHandler.handleError(DefaultResponseErrorHandler.java:137)
	at org.springframework.web.client.ResponseErrorHandler.handleError(ResponseErrorHandler.java:63)
	at org.springframework.web.client.RestTemplate.handleResponse(RestTemplate.java:942)
	at org.springframework.web.client.RestTemplate.doExecute(RestTemplate.java:891)
	at org.springframework.web.client.RestTemplate.execute(RestTemplate.java:790)
	at org.springframework.web.client.RestTemplate.exchange(RestTemplate.java:701)
	at com.hotelsbook.hotel.service.HotelServiceClient.getHotelServices(HotelServiceClient.java:33)
	at com.hotelsbook.hotel.service.HotelService.getAvailableHotelsWithServicesAndReviews(HotelService.java:43)
	at com.hotelsbook.hotel.controller.HotelController.getAvailableHotelsWithServices(HotelController.java:40)
	at java.base/jdk.internal.reflect.DirectMethodHandleAccessor.invoke(DirectMethodHandleAccessor.java:104)
	at java.base/java.lang.reflect.Method.invoke(Method.java:565)
	at org.springframework.web.method.support.InvocableHandlerMethod.doInvoke(InvocableHandlerMethod.java:255)
	at org.springframework.web.method.support.InvocableHandlerMethod.invokeForRequest(InvocableHandlerMethod.java:188)
	at org.springframework.web.servlet.mvc.method.annotation.ServletInvocableHandlerMethod.invokeAndHandle(ServletInvocableHandlerMethod.java:118)
	at org.springframework.web.servlet.mvc.method.annotation.RequestMappingHandlerAdapter.invokeHandlerMethod(RequestMappingHandlerAdapter.java:926)
	at org.springframework.web.servlet.mvc.method.annotation.RequestMappingHandlerAdapter.handleInternal(RequestMappingHandlerAdapter.java:831)
	at org.springframework.web.servlet.mvc.method.AbstractHandlerMethodAdapter.handle(AbstractHandlerMethodAdapter.java:87)
	at org.springframework.web.servlet.DispatcherServlet.doDispatch(DispatcherServlet.java:1089)
	at org.springframework.web.servlet.DispatcherServlet.doService(DispatcherServlet.java:979)
	at org.springframework.web.servlet.FrameworkServlet.processRequest(FrameworkServlet.java:1014)
	at org.springframework.web.servlet.FrameworkServlet.doGet(FrameworkServlet.java:903)
	at jakarta.servlet.http.HttpServlet.service(HttpServlet.java:564)
	at org.springframework.web.servlet.FrameworkServlet.service(FrameworkServlet.java:885)
	at jakarta.servlet.http.HttpServlet.service(HttpServlet.java:658)
	at org.apache.catalina.core.ApplicationFilterChain.internalDoFilter(ApplicationFilterChain.java:195)
	at org.apache.catalina.core.ApplicationFilterChain.doFilter(ApplicationFilterChain.java:140)
	at org.apache.tomcat.websocket.server.WsFilter.doFilter(WsFilter.java:51)
	at org.apache.catalina.core.ApplicationFilterChain.internalDoFilter(ApplicationFilterChain.java:164)
	at org.apache.catalina.core.ApplicationFilterChain.doFilter(ApplicationFilterChain.java:140)
	at org.springframework.web.filter.RequestContextFilter.doFilterInternal(RequestContextFilter.java:100)
	at org.springframework.web.filter.OncePerRequestFilter.doFilter(OncePerRequestFilter.java:116)
	at org.apache.catalina.core.ApplicationFilterChain.internalDoFilter(ApplicationFilterChain.java:164)
	at org.apache.catalina.core.ApplicationFilterChain.doFilter(ApplicationFilterChain.java:140)
	at org.springframework.web.filter.FormContentFilter.doFilterInternal(FormContentFilter.java:93)
	at org.springframework.web.filter.OncePerRequestFilter.doFilter(OncePerRequestFilter.java:116)
	at org.apache.catalina.core.ApplicationFilterChain.internalDoFilter(ApplicationFilterChain.java:164)
	at org.apache.catalina.core.ApplicationFilterChain.doFilter(ApplicationFilterChain.java:140)
	at org.springframework.web.filter.CharacterEncodingFilter.doFilterInternal(CharacterEncodingFilter.java:201)
	at org.springframework.web.filter.OncePerRequestFilter.doFilter(OncePerRequestFilter.java:116)
	at org.apache.catalina.core.ApplicationFilterChain.internalDoFilter(ApplicationFilterChain.java:164)
	at org.apache.catalina.core.ApplicationFilterChain.doFilter(ApplicationFilterChain.java:140)
	at org.apache.catalina.core.StandardWrapperValve.invoke(StandardWrapperValve.java:167)
	at org.apache.catalina.core.StandardContextValve.invoke(StandardContextValve.java:90)
	at org.apache.catalina.authenticator.AuthenticatorBase.invoke(AuthenticatorBase.java:483)
	at org.apache.catalina.core.StandardHostValve.invoke(StandardHostValve.java:115)
	at org.apache.catalina.valves.ErrorReportValve.invoke(ErrorReportValve.java:93)
	at org.apache.catalina.core.StandardEngineValve.invoke(StandardEngineValve.java:74)
	at org.apache.catalina.connector.CoyoteAdapter.service(CoyoteAdapter.java:344)
	at org.apache.coyote.http11.Http11Processor.service(Http11Processor.java:384)
	at org.apache.coyote.AbstractProcessorLight.process(AbstractProcessorLight.java:63)
	at org.apache.coyote.AbstractProtocol$ConnectionHandler.process(AbstractProtocol.java:905)
	at org.apache.tomcat.util.net.NioEndpoint$SocketProcessor.doRun(NioEndpoint.java:1741)
	at org.apache.tomcat.util.net.SocketProcessorBase.run(SocketProcessorBase.java:52)
	at org.apache.tomcat.util.threads.ThreadPoolExecutor.runWorker(ThreadPoolExecutor.java:1190)
	at org.apache.tomcat.util.threads.ThreadPoolExecutor$Worker.run(ThreadPoolExecutor.java:659)
	at org.apache.tomcat.util.threads.TaskThread$WrappingRunnable.run(TaskThread.java:63)
	at java.base/java.lang.Thread.run(Thread.java:1474)
2026-05-03 19:15:42 - método getAvailableHotelsWithServices()
2026-05-03 19:15:42 - error in getAvailableHotelsWithServices
org.springframework.web.client.HttpClientErrorException$NotFound: 404 : "{"timestamp":"2026-05-04T00:15:46.048Z","status":404,"error":"Not Found","path":"/api/services/2"}"
	at org.springframework.web.client.HttpClientErrorException.create(HttpClientErrorException.java:112)
	at org.springframework.web.client.DefaultResponseErrorHandler.handleError(DefaultResponseErrorHandler.java:183)
	at org.springframework.web.client.DefaultResponseErrorHandler.handleError(DefaultResponseErrorHandler.java:137)
	at org.springframework.web.client.ResponseErrorHandler.handleError(ResponseErrorHandler.java:63)
	at org.springframework.web.client.RestTemplate.handleResponse(RestTemplate.java:942)
	at org.springframework.web.client.RestTemplate.doExecute(RestTemplate.java:891)
	at org.springframework.web.client.RestTemplate.execute(RestTemplate.java:790)
	at org.springframework.web.client.RestTemplate.exchange(RestTemplate.java:701)
	at com.hotelsbook.hotel.service.HotelServiceClient.getHotelServices(HotelServiceClient.java:33)
	at com.hotelsbook.hotel.service.HotelService.getAvailableHotelsWithServicesAndReviews(HotelService.java:43)
	at com.hotelsbook.hotel.controller.HotelController.getAvailableHotelsWithServices(HotelController.java:40)
	at java.base/jdk.internal.reflect.DirectMethodHandleAccessor.invoke(DirectMethodHandleAccessor.java:104)
	at java.base/java.lang.reflect.Method.invoke(Method.java:565)
	at org.springframework.web.method.support.InvocableHandlerMethod.doInvoke(InvocableHandlerMethod.java:255)
	at org.springframework.web.method.support.InvocableHandlerMethod.invokeForRequest(InvocableHandlerMethod.java:188)
	at org.springframework.web.servlet.mvc.method.annotation.ServletInvocableHandlerMethod.invokeAndHandle(ServletInvocableHandlerMethod.java:118)
	at org.springframework.web.servlet.mvc.method.annotation.RequestMappingHandlerAdapter.invokeHandlerMethod(RequestMappingHandlerAdapter.java:926)
	at org.springframework.web.servlet.mvc.method.annotation.RequestMappingHandlerAdapter.handleInternal(RequestMappingHandlerAdapter.java:831)
	at org.springframework.web.servlet.mvc.method.AbstractHandlerMethodAdapter.handle(AbstractHandlerMethodAdapter.java:87)
	at org.springframework.web.servlet.DispatcherServlet.doDispatch(DispatcherServlet.java:1089)
	at org.springframework.web.servlet.DispatcherServlet.doService(DispatcherServlet.java:979)
	at org.springframework.web.servlet.FrameworkServlet.processRequest(FrameworkServlet.java:1014)
	at org.springframework.web.servlet.FrameworkServlet.doGet(FrameworkServlet.java:903)
	at jakarta.servlet.http.HttpServlet.service(HttpServlet.java:564)
	at org.springframework.web.servlet.FrameworkServlet.service(FrameworkServlet.java:885)
	at jakarta.servlet.http.HttpServlet.service(HttpServlet.java:658)
	at org.apache.catalina.core.ApplicationFilterChain.internalDoFilter(ApplicationFilterChain.java:195)
	at org.apache.catalina.core.ApplicationFilterChain.doFilter(ApplicationFilterChain.java:140)
	at org.apache.tomcat.websocket.server.WsFilter.doFilter(WsFilter.java:51)
	at org.apache.catalina.core.ApplicationFilterChain.internalDoFilter(ApplicationFilterChain.java:164)
	at org.apache.catalina.core.ApplicationFilterChain.doFilter(ApplicationFilterChain.java:140)
	at org.springframework.web.filter.RequestContextFilter.doFilterInternal(RequestContextFilter.java:100)
	at org.springframework.web.filter.OncePerRequestFilter.doFilter(OncePerRequestFilter.java:116)
	at org.apache.catalina.core.ApplicationFilterChain.internalDoFilter(ApplicationFilterChain.java:164)
	at org.apache.catalina.core.ApplicationFilterChain.doFilter(ApplicationFilterChain.java:140)
	at org.springframework.web.filter.FormContentFilter.doFilterInternal(FormContentFilter.java:93)
	at org.springframework.web.filter.OncePerRequestFilter.doFilter(OncePerRequestFilter.java:116)
	at org.apache.catalina.core.ApplicationFilterChain.internalDoFilter(ApplicationFilterChain.java:164)
	at org.apache.catalina.core.ApplicationFilterChain.doFilter(ApplicationFilterChain.java:140)
	at org.springframework.web.filter.CharacterEncodingFilter.doFilterInternal(CharacterEncodingFilter.java:201)
	at org.springframework.web.filter.OncePerRequestFilter.doFilter(OncePerRequestFilter.java:116)
	at org.apache.catalina.core.ApplicationFilterChain.internalDoFilter(ApplicationFilterChain.java:164)
	at org.apache.catalina.core.ApplicationFilterChain.doFilter(ApplicationFilterChain.java:140)
	at org.apache.catalina.core.StandardWrapperValve.invoke(StandardWrapperValve.java:167)
	at org.apache.catalina.core.StandardContextValve.invoke(StandardContextValve.java:90)
	at org.apache.catalina.authenticator.AuthenticatorBase.invoke(AuthenticatorBase.java:483)
	at org.apache.catalina.core.StandardHostValve.invoke(StandardHostValve.java:115)
	at org.apache.catalina.valves.ErrorReportValve.invoke(ErrorReportValve.java:93)
	at org.apache.catalina.core.StandardEngineValve.invoke(StandardEngineValve.java:74)
	at org.apache.catalina.connector.CoyoteAdapter.service(CoyoteAdapter.java:344)
	at org.apache.coyote.http11.Http11Processor.service(Http11Processor.java:384)
	at org.apache.coyote.AbstractProcessorLight.process(AbstractProcessorLight.java:63)
	at org.apache.coyote.AbstractProtocol$ConnectionHandler.process(AbstractProtocol.java:905)
	at org.apache.tomcat.util.net.NioEndpoint$SocketProcessor.doRun(NioEndpoint.java:1741)
	at org.apache.tomcat.util.net.SocketProcessorBase.run(SocketProcessorBase.java:52)
	at org.apache.tomcat.util.threads.ThreadPoolExecutor.runWorker(ThreadPoolExecutor.java:1190)
	at org.apache.tomcat.util.threads.ThreadPoolExecutor$Worker.run(ThreadPoolExecutor.java:659)
	at org.apache.tomcat.util.threads.TaskThread$WrappingRunnable.run(TaskThread.java:63)
	at java.base/java.lang.Thread.run(Thread.java:1474)
2026-05-03 20:19:54 - método getAvailableHotelsWithServices()
2026-05-03 20:19:54 - error in getAvailableHotelsWithServices
org.springframework.web.client.HttpClientErrorException$NotFound: 404 : "{"timestamp":"2026-05-04T01:19:55.804Z","status":404,"error":"Not Found","path":"/api/services/2"}"
	at org.springframework.web.client.HttpClientErrorException.create(HttpClientErrorException.java:112)
	at org.springframework.web.client.DefaultResponseErrorHandler.handleError(DefaultResponseErrorHandler.java:183)
	at org.springframework.web.client.DefaultResponseErrorHandler.handleError(DefaultResponseErrorHandler.java:137)
	at org.springframework.web.client.ResponseErrorHandler.handleError(ResponseErrorHandler.java:63)
	at org.springframework.web.client.RestTemplate.handleResponse(RestTemplate.java:942)
	at org.springframework.web.client.RestTemplate.doExecute(RestTemplate.java:891)
	at org.springframework.web.client.RestTemplate.execute(RestTemplate.java:790)
	at org.springframework.web.client.RestTemplate.exchange(RestTemplate.java:701)
	at com.hotelsbook.hotel.service.HotelServiceClient.getHotelServices(HotelServiceClient.java:33)
	at com.hotelsbook.hotel.service.HotelService.getAvailableHotelsWithServicesAndReviews(HotelService.java:43)
	at com.hotelsbook.hotel.controller.HotelController.getAvailableHotelsWithServices(HotelController.java:40)
	at java.base/jdk.internal.reflect.DirectMethodHandleAccessor.invoke(DirectMethodHandleAccessor.java:104)
	at java.base/java.lang.reflect.Method.invoke(Method.java:565)
	at org.springframework.web.method.support.InvocableHandlerMethod.doInvoke(InvocableHandlerMethod.java:255)
	at org.springframework.web.method.support.InvocableHandlerMethod.invokeForRequest(InvocableHandlerMethod.java:188)
	at org.springframework.web.servlet.mvc.method.annotation.ServletInvocableHandlerMethod.invokeAndHandle(ServletInvocableHandlerMethod.java:118)
	at org.springframework.web.servlet.mvc.method.annotation.RequestMappingHandlerAdapter.invokeHandlerMethod(RequestMappingHandlerAdapter.java:926)
	at org.springframework.web.servlet.mvc.method.annotation.RequestMappingHandlerAdapter.handleInternal(RequestMappingHandlerAdapter.java:831)
	at org.springframework.web.servlet.mvc.method.AbstractHandlerMethodAdapter.handle(AbstractHandlerMethodAdapter.java:87)
	at org.springframework.web.servlet.DispatcherServlet.doDispatch(DispatcherServlet.java:1089)
	at org.springframework.web.servlet.DispatcherServlet.doService(DispatcherServlet.java:979)
	at org.springframework.web.servlet.FrameworkServlet.processRequest(FrameworkServlet.java:1014)
	at org.springframework.web.servlet.FrameworkServlet.doGet(FrameworkServlet.java:903)
	at jakarta.servlet.http.HttpServlet.service(HttpServlet.java:564)
	at org.springframework.web.servlet.FrameworkServlet.service(FrameworkServlet.java:885)
	at jakarta.servlet.http.HttpServlet.service(HttpServlet.java:658)
	at org.apache.catalina.core.ApplicationFilterChain.internalDoFilter(ApplicationFilterChain.java:195)
	at org.apache.catalina.core.ApplicationFilterChain.doFilter(ApplicationFilterChain.java:140)
	at org.apache.tomcat.websocket.server.WsFilter.doFilter(WsFilter.java:51)
	at org.apache.catalina.core.ApplicationFilterChain.internalDoFilter(ApplicationFilterChain.java:164)
	at org.apache.catalina.core.ApplicationFilterChain.doFilter(ApplicationFilterChain.java:140)
	at org.springframework.web.filter.RequestContextFilter.doFilterInternal(RequestContextFilter.java:100)
	at org.springframework.web.filter.OncePerRequestFilter.doFilter(OncePerRequestFilter.java:116)
	at org.apache.catalina.core.ApplicationFilterChain.internalDoFilter(ApplicationFilterChain.java:164)
	at org.apache.catalina.core.ApplicationFilterChain.doFilter(ApplicationFilterChain.java:140)
	at org.springframework.web.filter.FormContentFilter.doFilterInternal(FormContentFilter.java:93)
	at org.springframework.web.filter.OncePerRequestFilter.doFilter(OncePerRequestFilter.java:116)
	at org.apache.catalina.core.ApplicationFilterChain.internalDoFilter(ApplicationFilterChain.java:164)
	at org.apache.catalina.core.ApplicationFilterChain.doFilter(ApplicationFilterChain.java:140)
	at org.springframework.web.filter.CharacterEncodingFilter.doFilterInternal(CharacterEncodingFilter.java:201)
	at org.springframework.web.filter.OncePerRequestFilter.doFilter(OncePerRequestFilter.java:116)
	at org.apache.catalina.core.ApplicationFilterChain.internalDoFilter(ApplicationFilterChain.java:164)
	at org.apache.catalina.core.ApplicationFilterChain.doFilter(ApplicationFilterChain.java:140)
	at org.apache.catalina.core.StandardWrapperValve.invoke(StandardWrapperValve.java:167)
	at org.apache.catalina.core.StandardContextValve.invoke(StandardContextValve.java:90)
	at org.apache.catalina.authenticator.AuthenticatorBase.invoke(AuthenticatorBase.java:483)
	at org.apache.catalina.core.StandardHostValve.invoke(StandardHostValve.java:115)
	at org.apache.catalina.valves.ErrorReportValve.invoke(ErrorReportValve.java:93)
	at org.apache.catalina.core.StandardEngineValve.invoke(StandardEngineValve.java:74)
	at org.apache.catalina.connector.CoyoteAdapter.service(CoyoteAdapter.java:344)
	at org.apache.coyote.http11.Http11Processor.service(Http11Processor.java:384)
	at org.apache.coyote.AbstractProcessorLight.process(AbstractProcessorLight.java:63)
	at org.apache.coyote.AbstractProtocol$ConnectionHandler.process(AbstractProtocol.java:905)
	at org.apache.tomcat.util.net.NioEndpoint$SocketProcessor.doRun(NioEndpoint.java:1741)
	at org.apache.tomcat.util.net.SocketProcessorBase.run(SocketProcessorBase.java:52)
	at org.apache.tomcat.util.threads.ThreadPoolExecutor.runWorker(ThreadPoolExecutor.java:1190)
	at org.apache.tomcat.util.threads.ThreadPoolExecutor$Worker.run(ThreadPoolExecutor.java:659)
	at org.apache.tomcat.util.threads.TaskThread$WrappingRunnable.run(TaskThread.java:63)
	at java.base/java.lang.Thread.run(Thread.java:1474)
2026-05-03 20:19:58 - Closing JPA EntityManagerFactory for persistence unit 'default'
2026-05-03 20:19:58 - HikariPool-1 - Shutdown initiated...
2026-05-03 20:19:58 - HikariPool-1 - Shutdown completed.
2026-05-03 20:19:59 - Starting HotelApplication using Java 25.0.2 with PID 302728 (C:\Users\orlan\Documents\GitHub\proyecto-aplicacion-reserva-hotelera\backend-springboot-aplicacion-web-reserva-hotelera\hotel\target\classes started by orlan in C:\Users\orlan\Documents\GitHub\proyecto-aplicacion-reserva-hotelera\backend-springboot-aplicacion-web-reserva-hotelera\hotel)
2026-05-03 20:19:59 - No active profile set, falling back to 1 default profile: "default"
2026-05-03 20:19:59 - Devtools property defaults active! Set 'spring.devtools.add-properties' to 'false' to disable
2026-05-03 20:19:59 - For additional web related logging consider setting the 'logging.level.web' property to 'DEBUG'
2026-05-03 20:19:59 - Bootstrapping Spring Data JPA repositories in DEFAULT mode.
2026-05-03 20:19:59 - Finished Spring Data repository scanning in 23 ms. Found 1 JPA repository interface.
2026-05-03 20:19:59 - Tomcat initialized with port 8082 (http)
2026-05-03 20:19:59 - Initializing ProtocolHandler ["http-nio-8082"]
2026-05-03 20:19:59 - Starting service [Tomcat]
2026-05-03 20:19:59 - Starting Servlet engine: [Apache Tomcat/10.1.30]
2026-05-03 20:19:59 - Initializing Spring embedded WebApplicationContext
2026-05-03 20:19:59 - Root WebApplicationContext: initialization completed in 636 ms
2026-05-03 20:20:00 - HHH000204: Processing PersistenceUnitInfo [name: default]
2026-05-03 20:20:00 - HHH000412: Hibernate ORM core version 6.5.3.Final
2026-05-03 20:20:00 - HHH000026: Second-level cache disabled
2026-05-03 20:20:00 - No LoadTimeWeaver setup: ignoring JPA class transformer
2026-05-03 20:20:00 - HikariPool-1 - Starting...
2026-05-03 20:20:00 - HikariPool-1 - Added connection com.mysql.cj.jdbc.ConnectionImpl@45d76837
2026-05-03 20:20:00 - HikariPool-1 - Start completed.
2026-05-03 20:20:00 - HHH000489: No JTA platform available (set 'hibernate.transaction.jta.platform' to enable JTA platform integration)
2026-05-03 20:20:00 - Initialized JPA EntityManagerFactory for persistence unit 'default'
2026-05-03 20:20:00 - Hibernate is in classpath; If applicable, HQL parser will be used.
2026-05-03 20:20:00 - spring.jpa.open-in-view is enabled by default. Therefore, database queries may be performed during view rendering. Explicitly configure spring.jpa.open-in-view to disable this warning
2026-05-03 20:20:01 - LiveReload server is running on port 35729
2026-05-03 20:20:01 - Starting ProtocolHandler ["http-nio-8082"]
2026-05-03 20:20:01 - Tomcat started on port 8082 (http) with context path '/'
2026-05-03 20:20:01 - Started HotelApplication in 2.129 seconds (process running for 2.468)
2026-05-03 20:20:07 - Initializing Spring DispatcherServlet 'dispatcherServlet'
2026-05-03 20:20:07 - Initializing Servlet 'dispatcherServlet'
2026-05-03 20:20:07 - Completed initialization in 1 ms
2026-05-03 20:20:07 - método getAvailableHotelsWithServices()
2026-05-03 20:20:07 - error in getAvailableHotelsWithServices
org.springframework.web.client.HttpClientErrorException$NotFound: 404 : "{"timestamp":"2026-05-04T01:20:10.749Z","status":404,"error":"Not Found","path":"/api/services/2"}"
	at org.springframework.web.client.HttpClientErrorException.create(HttpClientErrorException.java:112)
	at org.springframework.web.client.DefaultResponseErrorHandler.handleError(DefaultResponseErrorHandler.java:183)
	at org.springframework.web.client.DefaultResponseErrorHandler.handleError(DefaultResponseErrorHandler.java:137)
	at org.springframework.web.client.ResponseErrorHandler.handleError(ResponseErrorHandler.java:63)
	at org.springframework.web.client.RestTemplate.handleResponse(RestTemplate.java:942)
	at org.springframework.web.client.RestTemplate.doExecute(RestTemplate.java:891)
	at org.springframework.web.client.RestTemplate.execute(RestTemplate.java:790)
	at org.springframework.web.client.RestTemplate.exchange(RestTemplate.java:701)
	at com.hotelsbook.hotel.service.HotelServiceClient.getHotelServices(HotelServiceClient.java:33)
	at com.hotelsbook.hotel.service.HotelService.getAvailableHotelsWithServicesAndReviews(HotelService.java:43)
	at com.hotelsbook.hotel.controller.HotelController.getAvailableHotelsWithServices(HotelController.java:40)
	at java.base/jdk.internal.reflect.DirectMethodHandleAccessor.invoke(DirectMethodHandleAccessor.java:104)
	at java.base/java.lang.reflect.Method.invoke(Method.java:565)
	at org.springframework.web.method.support.InvocableHandlerMethod.doInvoke(InvocableHandlerMethod.java:255)
	at org.springframework.web.method.support.InvocableHandlerMethod.invokeForRequest(InvocableHandlerMethod.java:188)
	at org.springframework.web.servlet.mvc.method.annotation.ServletInvocableHandlerMethod.invokeAndHandle(ServletInvocableHandlerMethod.java:118)
	at org.springframework.web.servlet.mvc.method.annotation.RequestMappingHandlerAdapter.invokeHandlerMethod(RequestMappingHandlerAdapter.java:926)
	at org.springframework.web.servlet.mvc.method.annotation.RequestMappingHandlerAdapter.handleInternal(RequestMappingHandlerAdapter.java:831)
	at org.springframework.web.servlet.mvc.method.AbstractHandlerMethodAdapter.handle(AbstractHandlerMethodAdapter.java:87)
	at org.springframework.web.servlet.DispatcherServlet.doDispatch(DispatcherServlet.java:1089)
	at org.springframework.web.servlet.DispatcherServlet.doService(DispatcherServlet.java:979)
	at org.springframework.web.servlet.FrameworkServlet.processRequest(FrameworkServlet.java:1014)
	at org.springframework.web.servlet.FrameworkServlet.doGet(FrameworkServlet.java:903)
	at jakarta.servlet.http.HttpServlet.service(HttpServlet.java:564)
	at org.springframework.web.servlet.FrameworkServlet.service(FrameworkServlet.java:885)
	at jakarta.servlet.http.HttpServlet.service(HttpServlet.java:658)
	at org.apache.catalina.core.ApplicationFilterChain.internalDoFilter(ApplicationFilterChain.java:195)
	at org.apache.catalina.core.ApplicationFilterChain.doFilter(ApplicationFilterChain.java:140)
	at org.apache.tomcat.websocket.server.WsFilter.doFilter(WsFilter.java:51)
	at org.apache.catalina.core.ApplicationFilterChain.internalDoFilter(ApplicationFilterChain.java:164)
	at org.apache.catalina.core.ApplicationFilterChain.doFilter(ApplicationFilterChain.java:140)
	at org.springframework.web.filter.RequestContextFilter.doFilterInternal(RequestContextFilter.java:100)
	at org.springframework.web.filter.OncePerRequestFilter.doFilter(OncePerRequestFilter.java:116)
	at org.apache.catalina.core.ApplicationFilterChain.internalDoFilter(ApplicationFilterChain.java:164)
	at org.apache.catalina.core.ApplicationFilterChain.doFilter(ApplicationFilterChain.java:140)
	at org.springframework.web.filter.FormContentFilter.doFilterInternal(FormContentFilter.java:93)
	at org.springframework.web.filter.OncePerRequestFilter.doFilter(OncePerRequestFilter.java:116)
	at org.apache.catalina.core.ApplicationFilterChain.internalDoFilter(ApplicationFilterChain.java:164)
	at org.apache.catalina.core.ApplicationFilterChain.doFilter(ApplicationFilterChain.java:140)
	at org.springframework.web.filter.CharacterEncodingFilter.doFilterInternal(CharacterEncodingFilter.java:201)
	at org.springframework.web.filter.OncePerRequestFilter.doFilter(OncePerRequestFilter.java:116)
	at org.apache.catalina.core.ApplicationFilterChain.internalDoFilter(ApplicationFilterChain.java:164)
	at org.apache.catalina.core.ApplicationFilterChain.doFilter(ApplicationFilterChain.java:140)
	at org.apache.catalina.core.StandardWrapperValve.invoke(StandardWrapperValve.java:167)
	at org.apache.catalina.core.StandardContextValve.invoke(StandardContextValve.java:90)
	at org.apache.catalina.authenticator.AuthenticatorBase.invoke(AuthenticatorBase.java:483)
	at org.apache.catalina.core.StandardHostValve.invoke(StandardHostValve.java:115)
	at org.apache.catalina.valves.ErrorReportValve.invoke(ErrorReportValve.java:93)
	at org.apache.catalina.core.StandardEngineValve.invoke(StandardEngineValve.java:74)
	at org.apache.catalina.connector.CoyoteAdapter.service(CoyoteAdapter.java:344)
	at org.apache.coyote.http11.Http11Processor.service(Http11Processor.java:384)
	at org.apache.coyote.AbstractProcessorLight.process(AbstractProcessorLight.java:63)
	at org.apache.coyote.AbstractProtocol$ConnectionHandler.process(AbstractProtocol.java:905)
	at org.apache.tomcat.util.net.NioEndpoint$SocketProcessor.doRun(NioEndpoint.java:1741)
	at org.apache.tomcat.util.net.SocketProcessorBase.run(SocketProcessorBase.java:52)
	at org.apache.tomcat.util.threads.ThreadPoolExecutor.runWorker(ThreadPoolExecutor.java:1190)
	at org.apache.tomcat.util.threads.ThreadPoolExecutor$Worker.run(ThreadPoolExecutor.java:659)
	at org.apache.tomcat.util.threads.TaskThread$WrappingRunnable.run(TaskThread.java:63)
	at java.base/java.lang.Thread.run(Thread.java:1474)
2026-05-03 20:24:31 - Closing JPA EntityManagerFactory for persistence unit 'default'
2026-05-03 20:24:31 - HikariPool-1 - Shutdown initiated...
2026-05-03 20:24:31 - HikariPool-1 - Shutdown completed.
2026-05-03 20:24:32 - Starting HotelApplication using Java 25.0.2 with PID 308652 (C:\Users\orlan\Documents\GitHub\proyecto-aplicacion-reserva-hotelera\backend-springboot-aplicacion-web-reserva-hotelera\hotel\target\classes started by orlan in C:\Users\orlan\Documents\GitHub\proyecto-aplicacion-reserva-hotelera\backend-springboot-aplicacion-web-reserva-hotelera\hotel)
2026-05-03 20:24:32 - No active profile set, falling back to 1 default profile: "default"
2026-05-03 20:24:32 - Devtools property defaults active! Set 'spring.devtools.add-properties' to 'false' to disable
2026-05-03 20:24:32 - For additional web related logging consider setting the 'logging.level.web' property to 'DEBUG'
2026-05-03 20:24:32 - Bootstrapping Spring Data JPA repositories in DEFAULT mode.
2026-05-03 20:24:32 - Finished Spring Data repository scanning in 27 ms. Found 1 JPA repository interface.
2026-05-03 20:24:33 - Tomcat initialized with port 8082 (http)
2026-05-03 20:24:33 - Initializing ProtocolHandler ["http-nio-8082"]
2026-05-03 20:24:33 - Starting service [Tomcat]
2026-05-03 20:24:33 - Starting Servlet engine: [Apache Tomcat/10.1.30]
2026-05-03 20:24:33 - Initializing Spring embedded WebApplicationContext
2026-05-03 20:24:33 - Root WebApplicationContext: initialization completed in 628 ms
2026-05-03 20:24:33 - HHH000204: Processing PersistenceUnitInfo [name: default]
2026-05-03 20:24:33 - HHH000412: Hibernate ORM core version 6.5.3.Final
2026-05-03 20:24:33 - HHH000026: Second-level cache disabled
2026-05-03 20:24:33 - No LoadTimeWeaver setup: ignoring JPA class transformer
2026-05-03 20:24:33 - HikariPool-1 - Starting...
2026-05-03 20:24:33 - HikariPool-1 - Added connection com.mysql.cj.jdbc.ConnectionImpl@22247cdd
2026-05-03 20:24:33 - HikariPool-1 - Start completed.
2026-05-03 20:24:33 - HHH000489: No JTA platform available (set 'hibernate.transaction.jta.platform' to enable JTA platform integration)
2026-05-03 20:24:33 - Initialized JPA EntityManagerFactory for persistence unit 'default'
2026-05-03 20:24:34 - Hibernate is in classpath; If applicable, HQL parser will be used.
2026-05-03 20:24:34 - spring.jpa.open-in-view is enabled by default. Therefore, database queries may be performed during view rendering. Explicitly configure spring.jpa.open-in-view to disable this warning
2026-05-03 20:24:34 - LiveReload server is running on port 35729
2026-05-03 20:24:34 - Starting ProtocolHandler ["http-nio-8082"]
2026-05-03 20:24:34 - Tomcat started on port 8082 (http) with context path '/'
2026-05-03 20:24:34 - Started HotelApplication in 2.149 seconds (process running for 2.451)
2026-05-03 20:24:38 - Initializing Spring DispatcherServlet 'dispatcherServlet'
2026-05-03 20:24:38 - Initializing Servlet 'dispatcherServlet'
2026-05-03 20:24:38 - Completed initialization in 1 ms
2026-05-03 20:24:38 - método getAvailableHotelsWithServices()
2026-05-03 20:24:38 - error in getAvailableHotelsWithServices
org.springframework.web.client.HttpClientErrorException$NotFound: 404 : "{"timestamp":"2026-05-04T01:24:41.793Z","status":404,"error":"Not Found","path":"/api/services/2"}"
	at org.springframework.web.client.HttpClientErrorException.create(HttpClientErrorException.java:112)
	at org.springframework.web.client.DefaultResponseErrorHandler.handleError(DefaultResponseErrorHandler.java:183)
	at org.springframework.web.client.DefaultResponseErrorHandler.handleError(DefaultResponseErrorHandler.java:137)
	at org.springframework.web.client.ResponseErrorHandler.handleError(ResponseErrorHandler.java:63)
	at org.springframework.web.client.RestTemplate.handleResponse(RestTemplate.java:942)
	at org.springframework.web.client.RestTemplate.doExecute(RestTemplate.java:891)
	at org.springframework.web.client.RestTemplate.execute(RestTemplate.java:790)
	at org.springframework.web.client.RestTemplate.exchange(RestTemplate.java:701)
	at com.hotelsbook.hotel.service.HotelServiceClient.getHotelServices(HotelServiceClient.java:33)
	at com.hotelsbook.hotel.service.HotelService.getAvailableHotelsWithServicesAndReviews(HotelService.java:43)
	at com.hotelsbook.hotel.controller.HotelController.getAvailableHotelsWithServices(HotelController.java:40)
	at java.base/jdk.internal.reflect.DirectMethodHandleAccessor.invoke(DirectMethodHandleAccessor.java:104)
	at java.base/java.lang.reflect.Method.invoke(Method.java:565)
	at org.springframework.web.method.support.InvocableHandlerMethod.doInvoke(InvocableHandlerMethod.java:255)
	at org.springframework.web.method.support.InvocableHandlerMethod.invokeForRequest(InvocableHandlerMethod.java:188)
	at org.springframework.web.servlet.mvc.method.annotation.ServletInvocableHandlerMethod.invokeAndHandle(ServletInvocableHandlerMethod.java:118)
	at org.springframework.web.servlet.mvc.method.annotation.RequestMappingHandlerAdapter.invokeHandlerMethod(RequestMappingHandlerAdapter.java:926)
	at org.springframework.web.servlet.mvc.method.annotation.RequestMappingHandlerAdapter.handleInternal(RequestMappingHandlerAdapter.java:831)
	at org.springframework.web.servlet.mvc.method.AbstractHandlerMethodAdapter.handle(AbstractHandlerMethodAdapter.java:87)
	at org.springframework.web.servlet.DispatcherServlet.doDispatch(DispatcherServlet.java:1089)
	at org.springframework.web.servlet.DispatcherServlet.doService(DispatcherServlet.java:979)
	at org.springframework.web.servlet.FrameworkServlet.processRequest(FrameworkServlet.java:1014)
	at org.springframework.web.servlet.FrameworkServlet.doGet(FrameworkServlet.java:903)
	at jakarta.servlet.http.HttpServlet.service(HttpServlet.java:564)
	at org.springframework.web.servlet.FrameworkServlet.service(FrameworkServlet.java:885)
	at jakarta.servlet.http.HttpServlet.service(HttpServlet.java:658)
	at org.apache.catalina.core.ApplicationFilterChain.internalDoFilter(ApplicationFilterChain.java:195)
	at org.apache.catalina.core.ApplicationFilterChain.doFilter(ApplicationFilterChain.java:140)
	at org.apache.tomcat.websocket.server.WsFilter.doFilter(WsFilter.java:51)
	at org.apache.catalina.core.ApplicationFilterChain.internalDoFilter(ApplicationFilterChain.java:164)
	at org.apache.catalina.core.ApplicationFilterChain.doFilter(ApplicationFilterChain.java:140)
	at org.springframework.web.filter.RequestContextFilter.doFilterInternal(RequestContextFilter.java:100)
	at org.springframework.web.filter.OncePerRequestFilter.doFilter(OncePerRequestFilter.java:116)
	at org.apache.catalina.core.ApplicationFilterChain.internalDoFilter(ApplicationFilterChain.java:164)
	at org.apache.catalina.core.ApplicationFilterChain.doFilter(ApplicationFilterChain.java:140)
	at org.springframework.web.filter.FormContentFilter.doFilterInternal(FormContentFilter.java:93)
	at org.springframework.web.filter.OncePerRequestFilter.doFilter(OncePerRequestFilter.java:116)
	at org.apache.catalina.core.ApplicationFilterChain.internalDoFilter(ApplicationFilterChain.java:164)
	at org.apache.catalina.core.ApplicationFilterChain.doFilter(ApplicationFilterChain.java:140)
	at org.springframework.web.filter.CharacterEncodingFilter.doFilterInternal(CharacterEncodingFilter.java:201)
	at org.springframework.web.filter.OncePerRequestFilter.doFilter(OncePerRequestFilter.java:116)
	at org.apache.catalina.core.ApplicationFilterChain.internalDoFilter(ApplicationFilterChain.java:164)
	at org.apache.catalina.core.ApplicationFilterChain.doFilter(ApplicationFilterChain.java:140)
	at org.apache.catalina.core.StandardWrapperValve.invoke(StandardWrapperValve.java:167)
	at org.apache.catalina.core.StandardContextValve.invoke(StandardContextValve.java:90)
	at org.apache.catalina.authenticator.AuthenticatorBase.invoke(AuthenticatorBase.java:483)
	at org.apache.catalina.core.StandardHostValve.invoke(StandardHostValve.java:115)
	at org.apache.catalina.valves.ErrorReportValve.invoke(ErrorReportValve.java:93)
	at org.apache.catalina.core.StandardEngineValve.invoke(StandardEngineValve.java:74)
	at org.apache.catalina.connector.CoyoteAdapter.service(CoyoteAdapter.java:344)
	at org.apache.coyote.http11.Http11Processor.service(Http11Processor.java:384)
	at org.apache.coyote.AbstractProcessorLight.process(AbstractProcessorLight.java:63)
	at org.apache.coyote.AbstractProtocol$ConnectionHandler.process(AbstractProtocol.java:905)
	at org.apache.tomcat.util.net.NioEndpoint$SocketProcessor.doRun(NioEndpoint.java:1741)
	at org.apache.tomcat.util.net.SocketProcessorBase.run(SocketProcessorBase.java:52)
	at org.apache.tomcat.util.threads.ThreadPoolExecutor.runWorker(ThreadPoolExecutor.java:1190)
	at org.apache.tomcat.util.threads.ThreadPoolExecutor$Worker.run(ThreadPoolExecutor.java:659)
	at org.apache.tomcat.util.threads.TaskThread$WrappingRunnable.run(TaskThread.java:63)
	at java.base/java.lang.Thread.run(Thread.java:1474)
2026-05-03 20:24:39 - método getAvailableHotelsWithServices()
2026-05-03 20:24:39 - error in getAvailableHotelsWithServices
org.springframework.web.client.HttpClientErrorException$NotFound: 404 : "{"timestamp":"2026-05-04T01:24:42.568Z","status":404,"error":"Not Found","path":"/api/services/2"}"
	at org.springframework.web.client.HttpClientErrorException.create(HttpClientErrorException.java:112)
	at org.springframework.web.client.DefaultResponseErrorHandler.handleError(DefaultResponseErrorHandler.java:183)
	at org.springframework.web.client.DefaultResponseErrorHandler.handleError(DefaultResponseErrorHandler.java:137)
	at org.springframework.web.client.ResponseErrorHandler.handleError(ResponseErrorHandler.java:63)
	at org.springframework.web.client.RestTemplate.handleResponse(RestTemplate.java:942)
	at org.springframework.web.client.RestTemplate.doExecute(RestTemplate.java:891)
	at org.springframework.web.client.RestTemplate.execute(RestTemplate.java:790)
	at org.springframework.web.client.RestTemplate.exchange(RestTemplate.java:701)
	at com.hotelsbook.hotel.service.HotelServiceClient.getHotelServices(HotelServiceClient.java:33)
	at com.hotelsbook.hotel.service.HotelService.getAvailableHotelsWithServicesAndReviews(HotelService.java:43)
	at com.hotelsbook.hotel.controller.HotelController.getAvailableHotelsWithServices(HotelController.java:40)
	at java.base/jdk.internal.reflect.DirectMethodHandleAccessor.invoke(DirectMethodHandleAccessor.java:104)
	at java.base/java.lang.reflect.Method.invoke(Method.java:565)
	at org.springframework.web.method.support.InvocableHandlerMethod.doInvoke(InvocableHandlerMethod.java:255)
	at org.springframework.web.method.support.InvocableHandlerMethod.invokeForRequest(InvocableHandlerMethod.java:188)
	at org.springframework.web.servlet.mvc.method.annotation.ServletInvocableHandlerMethod.invokeAndHandle(ServletInvocableHandlerMethod.java:118)
	at org.springframework.web.servlet.mvc.method.annotation.RequestMappingHandlerAdapter.invokeHandlerMethod(RequestMappingHandlerAdapter.java:926)
	at org.springframework.web.servlet.mvc.method.annotation.RequestMappingHandlerAdapter.handleInternal(RequestMappingHandlerAdapter.java:831)
	at org.springframework.web.servlet.mvc.method.AbstractHandlerMethodAdapter.handle(AbstractHandlerMethodAdapter.java:87)
	at org.springframework.web.servlet.DispatcherServlet.doDispatch(DispatcherServlet.java:1089)
	at org.springframework.web.servlet.DispatcherServlet.doService(DispatcherServlet.java:979)
	at org.springframework.web.servlet.FrameworkServlet.processRequest(FrameworkServlet.java:1014)
	at org.springframework.web.servlet.FrameworkServlet.doGet(FrameworkServlet.java:903)
	at jakarta.servlet.http.HttpServlet.service(HttpServlet.java:564)
	at org.springframework.web.servlet.FrameworkServlet.service(FrameworkServlet.java:885)
	at jakarta.servlet.http.HttpServlet.service(HttpServlet.java:658)
	at org.apache.catalina.core.ApplicationFilterChain.internalDoFilter(ApplicationFilterChain.java:195)
	at org.apache.catalina.core.ApplicationFilterChain.doFilter(ApplicationFilterChain.java:140)
	at org.apache.tomcat.websocket.server.WsFilter.doFilter(WsFilter.java:51)
	at org.apache.catalina.core.ApplicationFilterChain.internalDoFilter(ApplicationFilterChain.java:164)
	at org.apache.catalina.core.ApplicationFilterChain.doFilter(ApplicationFilterChain.java:140)
	at org.springframework.web.filter.RequestContextFilter.doFilterInternal(RequestContextFilter.java:100)
	at org.springframework.web.filter.OncePerRequestFilter.doFilter(OncePerRequestFilter.java:116)
	at org.apache.catalina.core.ApplicationFilterChain.internalDoFilter(ApplicationFilterChain.java:164)
	at org.apache.catalina.core.ApplicationFilterChain.doFilter(ApplicationFilterChain.java:140)
	at org.springframework.web.filter.FormContentFilter.doFilterInternal(FormContentFilter.java:93)
	at org.springframework.web.filter.OncePerRequestFilter.doFilter(OncePerRequestFilter.java:116)
	at org.apache.catalina.core.ApplicationFilterChain.internalDoFilter(ApplicationFilterChain.java:164)
	at org.apache.catalina.core.ApplicationFilterChain.doFilter(ApplicationFilterChain.java:140)
	at org.springframework.web.filter.CharacterEncodingFilter.doFilterInternal(CharacterEncodingFilter.java:201)
	at org.springframework.web.filter.OncePerRequestFilter.doFilter(OncePerRequestFilter.java:116)
	at org.apache.catalina.core.ApplicationFilterChain.internalDoFilter(ApplicationFilterChain.java:164)
	at org.apache.catalina.core.ApplicationFilterChain.doFilter(ApplicationFilterChain.java:140)
	at org.apache.catalina.core.StandardWrapperValve.invoke(StandardWrapperValve.java:167)
	at org.apache.catalina.core.StandardContextValve.invoke(StandardContextValve.java:90)
	at org.apache.catalina.authenticator.AuthenticatorBase.invoke(AuthenticatorBase.java:483)
	at org.apache.catalina.core.StandardHostValve.invoke(StandardHostValve.java:115)
	at org.apache.catalina.valves.ErrorReportValve.invoke(ErrorReportValve.java:93)
	at org.apache.catalina.core.StandardEngineValve.invoke(StandardEngineValve.java:74)
	at org.apache.catalina.connector.CoyoteAdapter.service(CoyoteAdapter.java:344)
	at org.apache.coyote.http11.Http11Processor.service(Http11Processor.java:384)
	at org.apache.coyote.AbstractProcessorLight.process(AbstractProcessorLight.java:63)
	at org.apache.coyote.AbstractProtocol$ConnectionHandler.process(AbstractProtocol.java:905)
	at org.apache.tomcat.util.net.NioEndpoint$SocketProcessor.doRun(NioEndpoint.java:1741)
	at org.apache.tomcat.util.net.SocketProcessorBase.run(SocketProcessorBase.java:52)
	at org.apache.tomcat.util.threads.ThreadPoolExecutor.runWorker(ThreadPoolExecutor.java:1190)
	at org.apache.tomcat.util.threads.ThreadPoolExecutor$Worker.run(ThreadPoolExecutor.java:659)
	at org.apache.tomcat.util.threads.TaskThread$WrappingRunnable.run(TaskThread.java:63)
	at java.base/java.lang.Thread.run(Thread.java:1474)
2026-05-03 20:24:49 - método getAvailableHotelsWithServices()
2026-05-03 20:24:49 - error in getAvailableHotelsWithServices
org.springframework.web.client.HttpClientErrorException$NotFound: 404 : "{"timestamp":"2026-05-04T01:24:51.826Z","status":404,"error":"Not Found","path":"/api/services/2"}"
	at org.springframework.web.client.HttpClientErrorException.create(HttpClientErrorException.java:112)
	at org.springframework.web.client.DefaultResponseErrorHandler.handleError(DefaultResponseErrorHandler.java:183)
	at org.springframework.web.client.DefaultResponseErrorHandler.handleError(DefaultResponseErrorHandler.java:137)
	at org.springframework.web.client.ResponseErrorHandler.handleError(ResponseErrorHandler.java:63)
	at org.springframework.web.client.RestTemplate.handleResponse(RestTemplate.java:942)
	at org.springframework.web.client.RestTemplate.doExecute(RestTemplate.java:891)
	at org.springframework.web.client.RestTemplate.execute(RestTemplate.java:790)
	at org.springframework.web.client.RestTemplate.exchange(RestTemplate.java:701)
	at com.hotelsbook.hotel.service.HotelServiceClient.getHotelServices(HotelServiceClient.java:33)
	at com.hotelsbook.hotel.service.HotelService.getAvailableHotelsWithServicesAndReviews(HotelService.java:43)
	at com.hotelsbook.hotel.controller.HotelController.getAvailableHotelsWithServices(HotelController.java:40)
	at java.base/jdk.internal.reflect.DirectMethodHandleAccessor.invoke(DirectMethodHandleAccessor.java:104)
	at java.base/java.lang.reflect.Method.invoke(Method.java:565)
	at org.springframework.web.method.support.InvocableHandlerMethod.doInvoke(InvocableHandlerMethod.java:255)
	at org.springframework.web.method.support.InvocableHandlerMethod.invokeForRequest(InvocableHandlerMethod.java:188)
	at org.springframework.web.servlet.mvc.method.annotation.ServletInvocableHandlerMethod.invokeAndHandle(ServletInvocableHandlerMethod.java:118)
	at org.springframework.web.servlet.mvc.method.annotation.RequestMappingHandlerAdapter.invokeHandlerMethod(RequestMappingHandlerAdapter.java:926)
	at org.springframework.web.servlet.mvc.method.annotation.RequestMappingHandlerAdapter.handleInternal(RequestMappingHandlerAdapter.java:831)
	at org.springframework.web.servlet.mvc.method.AbstractHandlerMethodAdapter.handle(AbstractHandlerMethodAdapter.java:87)
	at org.springframework.web.servlet.DispatcherServlet.doDispatch(DispatcherServlet.java:1089)
	at org.springframework.web.servlet.DispatcherServlet.doService(DispatcherServlet.java:979)
	at org.springframework.web.servlet.FrameworkServlet.processRequest(FrameworkServlet.java:1014)
	at org.springframework.web.servlet.FrameworkServlet.doGet(FrameworkServlet.java:903)
	at jakarta.servlet.http.HttpServlet.service(HttpServlet.java:564)
	at org.springframework.web.servlet.FrameworkServlet.service(FrameworkServlet.java:885)
	at jakarta.servlet.http.HttpServlet.service(HttpServlet.java:658)
	at org.apache.catalina.core.ApplicationFilterChain.internalDoFilter(ApplicationFilterChain.java:195)
	at org.apache.catalina.core.ApplicationFilterChain.doFilter(ApplicationFilterChain.java:140)
	at org.apache.tomcat.websocket.server.WsFilter.doFilter(WsFilter.java:51)
	at org.apache.catalina.core.ApplicationFilterChain.internalDoFilter(ApplicationFilterChain.java:164)
	at org.apache.catalina.core.ApplicationFilterChain.doFilter(ApplicationFilterChain.java:140)
	at org.springframework.web.filter.RequestContextFilter.doFilterInternal(RequestContextFilter.java:100)
	at org.springframework.web.filter.OncePerRequestFilter.doFilter(OncePerRequestFilter.java:116)
	at org.apache.catalina.core.ApplicationFilterChain.internalDoFilter(ApplicationFilterChain.java:164)
	at org.apache.catalina.core.ApplicationFilterChain.doFilter(ApplicationFilterChain.java:140)
	at org.springframework.web.filter.FormContentFilter.doFilterInternal(FormContentFilter.java:93)
	at org.springframework.web.filter.OncePerRequestFilter.doFilter(OncePerRequestFilter.java:116)
	at org.apache.catalina.core.ApplicationFilterChain.internalDoFilter(ApplicationFilterChain.java:164)
	at org.apache.catalina.core.ApplicationFilterChain.doFilter(ApplicationFilterChain.java:140)
	at org.springframework.web.filter.CharacterEncodingFilter.doFilterInternal(CharacterEncodingFilter.java:201)
	at org.springframework.web.filter.OncePerRequestFilter.doFilter(OncePerRequestFilter.java:116)
	at org.apache.catalina.core.ApplicationFilterChain.internalDoFilter(ApplicationFilterChain.java:164)
	at org.apache.catalina.core.ApplicationFilterChain.doFilter(ApplicationFilterChain.java:140)
	at org.apache.catalina.core.StandardWrapperValve.invoke(StandardWrapperValve.java:167)
	at org.apache.catalina.core.StandardContextValve.invoke(StandardContextValve.java:90)
	at org.apache.catalina.authenticator.AuthenticatorBase.invoke(AuthenticatorBase.java:483)
	at org.apache.catalina.core.StandardHostValve.invoke(StandardHostValve.java:115)
	at org.apache.catalina.valves.ErrorReportValve.invoke(ErrorReportValve.java:93)
	at org.apache.catalina.core.StandardEngineValve.invoke(StandardEngineValve.java:74)
	at org.apache.catalina.connector.CoyoteAdapter.service(CoyoteAdapter.java:344)
	at org.apache.coyote.http11.Http11Processor.service(Http11Processor.java:384)
	at org.apache.coyote.AbstractProcessorLight.process(AbstractProcessorLight.java:63)
	at org.apache.coyote.AbstractProtocol$ConnectionHandler.process(AbstractProtocol.java:905)
	at org.apache.tomcat.util.net.NioEndpoint$SocketProcessor.doRun(NioEndpoint.java:1741)
	at org.apache.tomcat.util.net.SocketProcessorBase.run(SocketProcessorBase.java:52)
	at org.apache.tomcat.util.threads.ThreadPoolExecutor.runWorker(ThreadPoolExecutor.java:1190)
	at org.apache.tomcat.util.threads.ThreadPoolExecutor$Worker.run(ThreadPoolExecutor.java:659)
	at org.apache.tomcat.util.threads.TaskThread$WrappingRunnable.run(TaskThread.java:63)
	at java.base/java.lang.Thread.run(Thread.java:1474)
2026-05-03 20:26:57 - Closing JPA EntityManagerFactory for persistence unit 'default'
2026-05-03 20:26:57 - HikariPool-1 - Shutdown initiated...
2026-05-03 20:26:57 - HikariPool-1 - Shutdown completed.
2026-05-03 20:26:58 - Starting HotelApplication using Java 25.0.2 with PID 307024 (C:\Users\orlan\Documents\GitHub\proyecto-aplicacion-reserva-hotelera\backend-springboot-aplicacion-web-reserva-hotelera\hotel\target\classes started by orlan in C:\Users\orlan\Documents\GitHub\proyecto-aplicacion-reserva-hotelera\backend-springboot-aplicacion-web-reserva-hotelera\hotel)
2026-05-03 20:26:58 - No active profile set, falling back to 1 default profile: "default"
2026-05-03 20:26:58 - Devtools property defaults active! Set 'spring.devtools.add-properties' to 'false' to disable
2026-05-03 20:26:58 - For additional web related logging consider setting the 'logging.level.web' property to 'DEBUG'
2026-05-03 20:26:59 - Bootstrapping Spring Data JPA repositories in DEFAULT mode.
2026-05-03 20:26:59 - Finished Spring Data repository scanning in 29 ms. Found 1 JPA repository interface.
2026-05-03 20:26:59 - Tomcat initialized with port 8082 (http)
2026-05-03 20:26:59 - Initializing ProtocolHandler ["http-nio-8082"]
2026-05-03 20:26:59 - Starting service [Tomcat]
2026-05-03 20:26:59 - Starting Servlet engine: [Apache Tomcat/10.1.30]
2026-05-03 20:26:59 - Initializing Spring embedded WebApplicationContext
2026-05-03 20:26:59 - Root WebApplicationContext: initialization completed in 621 ms
2026-05-03 20:26:59 - HHH000204: Processing PersistenceUnitInfo [name: default]
2026-05-03 20:26:59 - HHH000412: Hibernate ORM core version 6.5.3.Final
2026-05-03 20:26:59 - HHH000026: Second-level cache disabled
2026-05-03 20:26:59 - No LoadTimeWeaver setup: ignoring JPA class transformer
2026-05-03 20:26:59 - HikariPool-1 - Starting...
2026-05-03 20:26:59 - HikariPool-1 - Added connection com.mysql.cj.jdbc.ConnectionImpl@1384ac9a
2026-05-03 20:26:59 - HikariPool-1 - Start completed.
2026-05-03 20:27:00 - HHH000489: No JTA platform available (set 'hibernate.transaction.jta.platform' to enable JTA platform integration)
2026-05-03 20:27:00 - Initialized JPA EntityManagerFactory for persistence unit 'default'
2026-05-03 20:27:00 - Hibernate is in classpath; If applicable, HQL parser will be used.
2026-05-03 20:27:00 - spring.jpa.open-in-view is enabled by default. Therefore, database queries may be performed during view rendering. Explicitly configure spring.jpa.open-in-view to disable this warning
2026-05-03 20:27:00 - LiveReload server is running on port 35729
2026-05-03 20:27:00 - Starting ProtocolHandler ["http-nio-8082"]
2026-05-03 20:27:00 - Tomcat started on port 8082 (http) with context path '/'
2026-05-03 20:27:00 - Started HotelApplication in 2.05 seconds (process running for 2.365)
2026-05-03 20:27:06 - Initializing Spring DispatcherServlet 'dispatcherServlet'
2026-05-03 20:27:06 - Initializing Servlet 'dispatcherServlet'
2026-05-03 20:27:06 - Completed initialization in 1 ms
2026-05-03 20:27:06 - método getAvailableHotelsWithServices()
2026-05-03 20:27:06 - error in getAvailableHotelsWithServices
org.springframework.web.client.HttpClientErrorException$NotFound: 404 : "{"timestamp":"2026-05-04T01:27:08.190Z","status":404,"error":"Not Found","path":"/api/services/2"}"
	at org.springframework.web.client.HttpClientErrorException.create(HttpClientErrorException.java:112)
	at org.springframework.web.client.DefaultResponseErrorHandler.handleError(DefaultResponseErrorHandler.java:183)
	at org.springframework.web.client.DefaultResponseErrorHandler.handleError(DefaultResponseErrorHandler.java:137)
	at org.springframework.web.client.ResponseErrorHandler.handleError(ResponseErrorHandler.java:63)
	at org.springframework.web.client.RestTemplate.handleResponse(RestTemplate.java:942)
	at org.springframework.web.client.RestTemplate.doExecute(RestTemplate.java:891)
	at org.springframework.web.client.RestTemplate.execute(RestTemplate.java:790)
	at org.springframework.web.client.RestTemplate.exchange(RestTemplate.java:701)
	at com.hotelsbook.hotel.service.HotelServiceClient.getHotelServices(HotelServiceClient.java:33)
	at com.hotelsbook.hotel.service.HotelService.getAvailableHotelsWithServicesAndReviews(HotelService.java:43)
	at com.hotelsbook.hotel.controller.HotelController.getAvailableHotelsWithServices(HotelController.java:40)
	at java.base/jdk.internal.reflect.DirectMethodHandleAccessor.invoke(DirectMethodHandleAccessor.java:104)
	at java.base/java.lang.reflect.Method.invoke(Method.java:565)
	at org.springframework.web.method.support.InvocableHandlerMethod.doInvoke(InvocableHandlerMethod.java:255)
	at org.springframework.web.method.support.InvocableHandlerMethod.invokeForRequest(InvocableHandlerMethod.java:188)
	at org.springframework.web.servlet.mvc.method.annotation.ServletInvocableHandlerMethod.invokeAndHandle(ServletInvocableHandlerMethod.java:118)
	at org.springframework.web.servlet.mvc.method.annotation.RequestMappingHandlerAdapter.invokeHandlerMethod(RequestMappingHandlerAdapter.java:926)
	at org.springframework.web.servlet.mvc.method.annotation.RequestMappingHandlerAdapter.handleInternal(RequestMappingHandlerAdapter.java:831)
	at org.springframework.web.servlet.mvc.method.AbstractHandlerMethodAdapter.handle(AbstractHandlerMethodAdapter.java:87)
	at org.springframework.web.servlet.DispatcherServlet.doDispatch(DispatcherServlet.java:1089)
	at org.springframework.web.servlet.DispatcherServlet.doService(DispatcherServlet.java:979)
	at org.springframework.web.servlet.FrameworkServlet.processRequest(FrameworkServlet.java:1014)
	at org.springframework.web.servlet.FrameworkServlet.doGet(FrameworkServlet.java:903)
	at jakarta.servlet.http.HttpServlet.service(HttpServlet.java:564)
	at org.springframework.web.servlet.FrameworkServlet.service(FrameworkServlet.java:885)
	at jakarta.servlet.http.HttpServlet.service(HttpServlet.java:658)
	at org.apache.catalina.core.ApplicationFilterChain.internalDoFilter(ApplicationFilterChain.java:195)
	at org.apache.catalina.core.ApplicationFilterChain.doFilter(ApplicationFilterChain.java:140)
	at org.apache.tomcat.websocket.server.WsFilter.doFilter(WsFilter.java:51)
	at org.apache.catalina.core.ApplicationFilterChain.internalDoFilter(ApplicationFilterChain.java:164)
	at org.apache.catalina.core.ApplicationFilterChain.doFilter(ApplicationFilterChain.java:140)
	at org.springframework.web.filter.RequestContextFilter.doFilterInternal(RequestContextFilter.java:100)
	at org.springframework.web.filter.OncePerRequestFilter.doFilter(OncePerRequestFilter.java:116)
	at org.apache.catalina.core.ApplicationFilterChain.internalDoFilter(ApplicationFilterChain.java:164)
	at org.apache.catalina.core.ApplicationFilterChain.doFilter(ApplicationFilterChain.java:140)
	at org.springframework.web.filter.FormContentFilter.doFilterInternal(FormContentFilter.java:93)
	at org.springframework.web.filter.OncePerRequestFilter.doFilter(OncePerRequestFilter.java:116)
	at org.apache.catalina.core.ApplicationFilterChain.internalDoFilter(ApplicationFilterChain.java:164)
	at org.apache.catalina.core.ApplicationFilterChain.doFilter(ApplicationFilterChain.java:140)
	at org.springframework.web.filter.CharacterEncodingFilter.doFilterInternal(CharacterEncodingFilter.java:201)
	at org.springframework.web.filter.OncePerRequestFilter.doFilter(OncePerRequestFilter.java:116)
	at org.apache.catalina.core.ApplicationFilterChain.internalDoFilter(ApplicationFilterChain.java:164)
	at org.apache.catalina.core.ApplicationFilterChain.doFilter(ApplicationFilterChain.java:140)
	at org.apache.catalina.core.StandardWrapperValve.invoke(StandardWrapperValve.java:167)
	at org.apache.catalina.core.StandardContextValve.invoke(StandardContextValve.java:90)
	at org.apache.catalina.authenticator.AuthenticatorBase.invoke(AuthenticatorBase.java:483)
	at org.apache.catalina.core.StandardHostValve.invoke(StandardHostValve.java:115)
	at org.apache.catalina.valves.ErrorReportValve.invoke(ErrorReportValve.java:93)
	at org.apache.catalina.core.StandardEngineValve.invoke(StandardEngineValve.java:74)
	at org.apache.catalina.connector.CoyoteAdapter.service(CoyoteAdapter.java:344)
	at org.apache.coyote.http11.Http11Processor.service(Http11Processor.java:384)
	at org.apache.coyote.AbstractProcessorLight.process(AbstractProcessorLight.java:63)
	at org.apache.coyote.AbstractProtocol$ConnectionHandler.process(AbstractProtocol.java:905)
	at org.apache.tomcat.util.net.NioEndpoint$SocketProcessor.doRun(NioEndpoint.java:1741)
	at org.apache.tomcat.util.net.SocketProcessorBase.run(SocketProcessorBase.java:52)
	at org.apache.tomcat.util.threads.ThreadPoolExecutor.runWorker(ThreadPoolExecutor.java:1190)
	at org.apache.tomcat.util.threads.ThreadPoolExecutor$Worker.run(ThreadPoolExecutor.java:659)
	at org.apache.tomcat.util.threads.TaskThread$WrappingRunnable.run(TaskThread.java:63)
	at java.base/java.lang.Thread.run(Thread.java:1474)
2026-05-03 20:29:11 - Closing JPA EntityManagerFactory for persistence unit 'default'
2026-05-03 20:29:11 - HikariPool-1 - Shutdown initiated...
2026-05-03 20:29:11 - HikariPool-1 - Shutdown completed.
2026-05-03 20:33:07 - Starting HotelApplication using Java 25.0.2 with PID 93620 (C:\Users\orlan\Documents\GitHub\proyecto-aplicacion-reserva-hotelera\backend-springboot-aplicacion-web-reserva-hotelera\hotel\target\classes started by orlan in C:\Users\orlan\Documents\GitHub\proyecto-aplicacion-reserva-hotelera\backend-springboot-aplicacion-web-reserva-hotelera\hotel)
2026-05-03 20:33:07 - No active profile set, falling back to 1 default profile: "default"
2026-05-03 20:33:07 - Devtools property defaults active! Set 'spring.devtools.add-properties' to 'false' to disable
2026-05-03 20:33:07 - For additional web related logging consider setting the 'logging.level.web' property to 'DEBUG'
2026-05-03 20:33:08 - Bootstrapping Spring Data JPA repositories in DEFAULT mode.
2026-05-03 20:33:08 - Finished Spring Data repository scanning in 22 ms. Found 1 JPA repository interface.
2026-05-03 20:33:08 - Tomcat initialized with port 8082 (http)
2026-05-03 20:33:08 - Initializing ProtocolHandler ["http-nio-8082"]
2026-05-03 20:33:08 - Starting service [Tomcat]
2026-05-03 20:33:08 - Starting Servlet engine: [Apache Tomcat/10.1.30]
2026-05-03 20:33:08 - Initializing Spring embedded WebApplicationContext
2026-05-03 20:33:08 - Root WebApplicationContext: initialization completed in 586 ms
2026-05-03 20:33:08 - HHH000204: Processing PersistenceUnitInfo [name: default]
2026-05-03 20:33:08 - HHH000412: Hibernate ORM core version 6.5.3.Final
2026-05-03 20:33:08 - HHH000026: Second-level cache disabled
2026-05-03 20:33:08 - No LoadTimeWeaver setup: ignoring JPA class transformer
2026-05-03 20:33:08 - HikariPool-1 - Starting...
2026-05-03 20:33:08 - HikariPool-1 - Added connection com.mysql.cj.jdbc.ConnectionImpl@2aab959d
2026-05-03 20:33:08 - HikariPool-1 - Start completed.
2026-05-03 20:33:09 - HHH000489: No JTA platform available (set 'hibernate.transaction.jta.platform' to enable JTA platform integration)
2026-05-03 20:33:09 - Initialized JPA EntityManagerFactory for persistence unit 'default'
2026-05-03 20:33:09 - Hibernate is in classpath; If applicable, HQL parser will be used.
2026-05-03 20:33:09 - spring.jpa.open-in-view is enabled by default. Therefore, database queries may be performed during view rendering. Explicitly configure spring.jpa.open-in-view to disable this warning
2026-05-03 20:33:09 - LiveReload server is running on port 35729
2026-05-03 20:33:09 - Starting ProtocolHandler ["http-nio-8082"]
2026-05-03 20:33:09 - Tomcat started on port 8082 (http) with context path '/'
2026-05-03 20:33:09 - Started HotelApplication in 1.983 seconds (process running for 2.295)
2026-05-03 20:33:22 - Initializing Spring DispatcherServlet 'dispatcherServlet'
2026-05-03 20:33:22 - Initializing Servlet 'dispatcherServlet'
2026-05-03 20:33:22 - Completed initialization in 1 ms
2026-05-03 20:33:22 - método getAvailableHotelsWithServices()
2026-05-03 20:33:23 - error in getAvailableHotelsWithServices
org.springframework.web.client.HttpClientErrorException$NotFound: 404 : "{"timestamp":"2026-05-04T01:33:23.670Z","status":404,"error":"Not Found","path":"/api/services/2"}"
	at org.springframework.web.client.HttpClientErrorException.create(HttpClientErrorException.java:112)
	at org.springframework.web.client.DefaultResponseErrorHandler.handleError(DefaultResponseErrorHandler.java:183)
	at org.springframework.web.client.DefaultResponseErrorHandler.handleError(DefaultResponseErrorHandler.java:137)
	at org.springframework.web.client.ResponseErrorHandler.handleError(ResponseErrorHandler.java:63)
	at org.springframework.web.client.RestTemplate.handleResponse(RestTemplate.java:942)
	at org.springframework.web.client.RestTemplate.doExecute(RestTemplate.java:891)
	at org.springframework.web.client.RestTemplate.execute(RestTemplate.java:790)
	at org.springframework.web.client.RestTemplate.exchange(RestTemplate.java:701)
	at com.hotelsbook.hotel.service.HotelServiceClient.getHotelServices(HotelServiceClient.java:33)
	at com.hotelsbook.hotel.service.HotelService.getAvailableHotelsWithServicesAndReviews(HotelService.java:43)
	at com.hotelsbook.hotel.controller.HotelController.getAvailableHotelsWithServices(HotelController.java:40)
	at java.base/jdk.internal.reflect.DirectMethodHandleAccessor.invoke(DirectMethodHandleAccessor.java:104)
	at java.base/java.lang.reflect.Method.invoke(Method.java:565)
	at org.springframework.web.method.support.InvocableHandlerMethod.doInvoke(InvocableHandlerMethod.java:255)
	at org.springframework.web.method.support.InvocableHandlerMethod.invokeForRequest(InvocableHandlerMethod.java:188)
	at org.springframework.web.servlet.mvc.method.annotation.ServletInvocableHandlerMethod.invokeAndHandle(ServletInvocableHandlerMethod.java:118)
	at org.springframework.web.servlet.mvc.method.annotation.RequestMappingHandlerAdapter.invokeHandlerMethod(RequestMappingHandlerAdapter.java:926)
	at org.springframework.web.servlet.mvc.method.annotation.RequestMappingHandlerAdapter.handleInternal(RequestMappingHandlerAdapter.java:831)
	at org.springframework.web.servlet.mvc.method.AbstractHandlerMethodAdapter.handle(AbstractHandlerMethodAdapter.java:87)
	at org.springframework.web.servlet.DispatcherServlet.doDispatch(DispatcherServlet.java:1089)
	at org.springframework.web.servlet.DispatcherServlet.doService(DispatcherServlet.java:979)
	at org.springframework.web.servlet.FrameworkServlet.processRequest(FrameworkServlet.java:1014)
	at org.springframework.web.servlet.FrameworkServlet.doGet(FrameworkServlet.java:903)
	at jakarta.servlet.http.HttpServlet.service(HttpServlet.java:564)
	at org.springframework.web.servlet.FrameworkServlet.service(FrameworkServlet.java:885)
	at jakarta.servlet.http.HttpServlet.service(HttpServlet.java:658)
	at org.apache.catalina.core.ApplicationFilterChain.internalDoFilter(ApplicationFilterChain.java:195)
	at org.apache.catalina.core.ApplicationFilterChain.doFilter(ApplicationFilterChain.java:140)
	at org.apache.tomcat.websocket.server.WsFilter.doFilter(WsFilter.java:51)
	at org.apache.catalina.core.ApplicationFilterChain.internalDoFilter(ApplicationFilterChain.java:164)
	at org.apache.catalina.core.ApplicationFilterChain.doFilter(ApplicationFilterChain.java:140)
	at org.springframework.web.filter.RequestContextFilter.doFilterInternal(RequestContextFilter.java:100)
	at org.springframework.web.filter.OncePerRequestFilter.doFilter(OncePerRequestFilter.java:116)
	at org.apache.catalina.core.ApplicationFilterChain.internalDoFilter(ApplicationFilterChain.java:164)
	at org.apache.catalina.core.ApplicationFilterChain.doFilter(ApplicationFilterChain.java:140)
	at org.springframework.web.filter.FormContentFilter.doFilterInternal(FormContentFilter.java:93)
	at org.springframework.web.filter.OncePerRequestFilter.doFilter(OncePerRequestFilter.java:116)
	at org.apache.catalina.core.ApplicationFilterChain.internalDoFilter(ApplicationFilterChain.java:164)
	at org.apache.catalina.core.ApplicationFilterChain.doFilter(ApplicationFilterChain.java:140)
	at org.springframework.web.filter.CharacterEncodingFilter.doFilterInternal(CharacterEncodingFilter.java:201)
	at org.springframework.web.filter.OncePerRequestFilter.doFilter(OncePerRequestFilter.java:116)
	at org.apache.catalina.core.ApplicationFilterChain.internalDoFilter(ApplicationFilterChain.java:164)
	at org.apache.catalina.core.ApplicationFilterChain.doFilter(ApplicationFilterChain.java:140)
	at org.apache.catalina.core.StandardWrapperValve.invoke(StandardWrapperValve.java:167)
	at org.apache.catalina.core.StandardContextValve.invoke(StandardContextValve.java:90)
	at org.apache.catalina.authenticator.AuthenticatorBase.invoke(AuthenticatorBase.java:483)
	at org.apache.catalina.core.StandardHostValve.invoke(StandardHostValve.java:115)
	at org.apache.catalina.valves.ErrorReportValve.invoke(ErrorReportValve.java:93)
	at org.apache.catalina.core.StandardEngineValve.invoke(StandardEngineValve.java:74)
	at org.apache.catalina.connector.CoyoteAdapter.service(CoyoteAdapter.java:344)
	at org.apache.coyote.http11.Http11Processor.service(Http11Processor.java:384)
	at org.apache.coyote.AbstractProcessorLight.process(AbstractProcessorLight.java:63)
	at org.apache.coyote.AbstractProtocol$ConnectionHandler.process(AbstractProtocol.java:905)
	at org.apache.tomcat.util.net.NioEndpoint$SocketProcessor.doRun(NioEndpoint.java:1741)
	at org.apache.tomcat.util.net.SocketProcessorBase.run(SocketProcessorBase.java:52)
	at org.apache.tomcat.util.threads.ThreadPoolExecutor.runWorker(ThreadPoolExecutor.java:1190)
	at org.apache.tomcat.util.threads.ThreadPoolExecutor$Worker.run(ThreadPoolExecutor.java:659)
	at org.apache.tomcat.util.threads.TaskThread$WrappingRunnable.run(TaskThread.java:63)
	at java.base/java.lang.Thread.run(Thread.java:1474)
2026-05-03 20:33:54 - método getAvailableHotelsWithServices()
2026-05-03 20:33:54 - error in getAvailableHotelsWithServices
org.springframework.web.client.HttpClientErrorException$NotFound: 404 : "{"timestamp":"2026-05-04T01:33:55.413Z","status":404,"error":"Not Found","path":"/api/services/2"}"
	at org.springframework.web.client.HttpClientErrorException.create(HttpClientErrorException.java:112)
	at org.springframework.web.client.DefaultResponseErrorHandler.handleError(DefaultResponseErrorHandler.java:183)
	at org.springframework.web.client.DefaultResponseErrorHandler.handleError(DefaultResponseErrorHandler.java:137)
	at org.springframework.web.client.ResponseErrorHandler.handleError(ResponseErrorHandler.java:63)
	at org.springframework.web.client.RestTemplate.handleResponse(RestTemplate.java:942)
	at org.springframework.web.client.RestTemplate.doExecute(RestTemplate.java:891)
	at org.springframework.web.client.RestTemplate.execute(RestTemplate.java:790)
	at org.springframework.web.client.RestTemplate.exchange(RestTemplate.java:701)
	at com.hotelsbook.hotel.service.HotelServiceClient.getHotelServices(HotelServiceClient.java:33)
	at com.hotelsbook.hotel.service.HotelService.getAvailableHotelsWithServicesAndReviews(HotelService.java:43)
	at com.hotelsbook.hotel.controller.HotelController.getAvailableHotelsWithServices(HotelController.java:40)
	at java.base/jdk.internal.reflect.DirectMethodHandleAccessor.invoke(DirectMethodHandleAccessor.java:104)
	at java.base/java.lang.reflect.Method.invoke(Method.java:565)
	at org.springframework.web.method.support.InvocableHandlerMethod.doInvoke(InvocableHandlerMethod.java:255)
	at org.springframework.web.method.support.InvocableHandlerMethod.invokeForRequest(InvocableHandlerMethod.java:188)
	at org.springframework.web.servlet.mvc.method.annotation.ServletInvocableHandlerMethod.invokeAndHandle(ServletInvocableHandlerMethod.java:118)
	at org.springframework.web.servlet.mvc.method.annotation.RequestMappingHandlerAdapter.invokeHandlerMethod(RequestMappingHandlerAdapter.java:926)
	at org.springframework.web.servlet.mvc.method.annotation.RequestMappingHandlerAdapter.handleInternal(RequestMappingHandlerAdapter.java:831)
	at org.springframework.web.servlet.mvc.method.AbstractHandlerMethodAdapter.handle(AbstractHandlerMethodAdapter.java:87)
	at org.springframework.web.servlet.DispatcherServlet.doDispatch(DispatcherServlet.java:1089)
	at org.springframework.web.servlet.DispatcherServlet.doService(DispatcherServlet.java:979)
	at org.springframework.web.servlet.FrameworkServlet.processRequest(FrameworkServlet.java:1014)
	at org.springframework.web.servlet.FrameworkServlet.doGet(FrameworkServlet.java:903)
	at jakarta.servlet.http.HttpServlet.service(HttpServlet.java:564)
	at org.springframework.web.servlet.FrameworkServlet.service(FrameworkServlet.java:885)
	at jakarta.servlet.http.HttpServlet.service(HttpServlet.java:658)
	at org.apache.catalina.core.ApplicationFilterChain.internalDoFilter(ApplicationFilterChain.java:195)
	at org.apache.catalina.core.ApplicationFilterChain.doFilter(ApplicationFilterChain.java:140)
	at org.apache.tomcat.websocket.server.WsFilter.doFilter(WsFilter.java:51)
	at org.apache.catalina.core.ApplicationFilterChain.internalDoFilter(ApplicationFilterChain.java:164)
	at org.apache.catalina.core.ApplicationFilterChain.doFilter(ApplicationFilterChain.java:140)
	at org.springframework.web.filter.RequestContextFilter.doFilterInternal(RequestContextFilter.java:100)
	at org.springframework.web.filter.OncePerRequestFilter.doFilter(OncePerRequestFilter.java:116)
	at org.apache.catalina.core.ApplicationFilterChain.internalDoFilter(ApplicationFilterChain.java:164)
	at org.apache.catalina.core.ApplicationFilterChain.doFilter(ApplicationFilterChain.java:140)
	at org.springframework.web.filter.FormContentFilter.doFilterInternal(FormContentFilter.java:93)
	at org.springframework.web.filter.OncePerRequestFilter.doFilter(OncePerRequestFilter.java:116)
	at org.apache.catalina.core.ApplicationFilterChain.internalDoFilter(ApplicationFilterChain.java:164)
	at org.apache.catalina.core.ApplicationFilterChain.doFilter(ApplicationFilterChain.java:140)
	at org.springframework.web.filter.CharacterEncodingFilter.doFilterInternal(CharacterEncodingFilter.java:201)
	at org.springframework.web.filter.OncePerRequestFilter.doFilter(OncePerRequestFilter.java:116)
	at org.apache.catalina.core.ApplicationFilterChain.internalDoFilter(ApplicationFilterChain.java:164)
	at org.apache.catalina.core.ApplicationFilterChain.doFilter(ApplicationFilterChain.java:140)
	at org.apache.catalina.core.StandardWrapperValve.invoke(StandardWrapperValve.java:167)
	at org.apache.catalina.core.StandardContextValve.invoke(StandardContextValve.java:90)
	at org.apache.catalina.authenticator.AuthenticatorBase.invoke(AuthenticatorBase.java:483)
	at org.apache.catalina.core.StandardHostValve.invoke(StandardHostValve.java:115)
	at org.apache.catalina.valves.ErrorReportValve.invoke(ErrorReportValve.java:93)
	at org.apache.catalina.core.StandardEngineValve.invoke(StandardEngineValve.java:74)
	at org.apache.catalina.connector.CoyoteAdapter.service(CoyoteAdapter.java:344)
	at org.apache.coyote.http11.Http11Processor.service(Http11Processor.java:384)
	at org.apache.coyote.AbstractProcessorLight.process(AbstractProcessorLight.java:63)
	at org.apache.coyote.AbstractProtocol$ConnectionHandler.process(AbstractProtocol.java:905)
	at org.apache.tomcat.util.net.NioEndpoint$SocketProcessor.doRun(NioEndpoint.java:1741)
	at org.apache.tomcat.util.net.SocketProcessorBase.run(SocketProcessorBase.java:52)
	at org.apache.tomcat.util.threads.ThreadPoolExecutor.runWorker(ThreadPoolExecutor.java:1190)
	at org.apache.tomcat.util.threads.ThreadPoolExecutor$Worker.run(ThreadPoolExecutor.java:659)
	at org.apache.tomcat.util.threads.TaskThread$WrappingRunnable.run(TaskThread.java:63)
	at java.base/java.lang.Thread.run(Thread.java:1474)
2026-05-03 20:34:20 - método getAvailableHotelsWithServices()
2026-05-03 20:34:20 - error in getAvailableHotelsWithServices
org.springframework.web.client.HttpClientErrorException$NotFound: 404 : "{"timestamp":"2026-05-04T01:34:21.742Z","status":404,"error":"Not Found","path":"/api/services/2"}"
	at org.springframework.web.client.HttpClientErrorException.create(HttpClientErrorException.java:112)
	at org.springframework.web.client.DefaultResponseErrorHandler.handleError(DefaultResponseErrorHandler.java:183)
	at org.springframework.web.client.DefaultResponseErrorHandler.handleError(DefaultResponseErrorHandler.java:137)
	at org.springframework.web.client.ResponseErrorHandler.handleError(ResponseErrorHandler.java:63)
	at org.springframework.web.client.RestTemplate.handleResponse(RestTemplate.java:942)
	at org.springframework.web.client.RestTemplate.doExecute(RestTemplate.java:891)
	at org.springframework.web.client.RestTemplate.execute(RestTemplate.java:790)
	at org.springframework.web.client.RestTemplate.exchange(RestTemplate.java:701)
	at com.hotelsbook.hotel.service.HotelServiceClient.getHotelServices(HotelServiceClient.java:33)
	at com.hotelsbook.hotel.service.HotelService.getAvailableHotelsWithServicesAndReviews(HotelService.java:43)
	at com.hotelsbook.hotel.controller.HotelController.getAvailableHotelsWithServices(HotelController.java:40)
	at java.base/jdk.internal.reflect.DirectMethodHandleAccessor.invoke(DirectMethodHandleAccessor.java:104)
	at java.base/java.lang.reflect.Method.invoke(Method.java:565)
	at org.springframework.web.method.support.InvocableHandlerMethod.doInvoke(InvocableHandlerMethod.java:255)
	at org.springframework.web.method.support.InvocableHandlerMethod.invokeForRequest(InvocableHandlerMethod.java:188)
	at org.springframework.web.servlet.mvc.method.annotation.ServletInvocableHandlerMethod.invokeAndHandle(ServletInvocableHandlerMethod.java:118)
	at org.springframework.web.servlet.mvc.method.annotation.RequestMappingHandlerAdapter.invokeHandlerMethod(RequestMappingHandlerAdapter.java:926)
	at org.springframework.web.servlet.mvc.method.annotation.RequestMappingHandlerAdapter.handleInternal(RequestMappingHandlerAdapter.java:831)
	at org.springframework.web.servlet.mvc.method.AbstractHandlerMethodAdapter.handle(AbstractHandlerMethodAdapter.java:87)
	at org.springframework.web.servlet.DispatcherServlet.doDispatch(DispatcherServlet.java:1089)
	at org.springframework.web.servlet.DispatcherServlet.doService(DispatcherServlet.java:979)
	at org.springframework.web.servlet.FrameworkServlet.processRequest(FrameworkServlet.java:1014)
	at org.springframework.web.servlet.FrameworkServlet.doGet(FrameworkServlet.java:903)
	at jakarta.servlet.http.HttpServlet.service(HttpServlet.java:564)
	at org.springframework.web.servlet.FrameworkServlet.service(FrameworkServlet.java:885)
	at jakarta.servlet.http.HttpServlet.service(HttpServlet.java:658)
	at org.apache.catalina.core.ApplicationFilterChain.internalDoFilter(ApplicationFilterChain.java:195)
	at org.apache.catalina.core.ApplicationFilterChain.doFilter(ApplicationFilterChain.java:140)
	at org.apache.tomcat.websocket.server.WsFilter.doFilter(WsFilter.java:51)
	at org.apache.catalina.core.ApplicationFilterChain.internalDoFilter(ApplicationFilterChain.java:164)
	at org.apache.catalina.core.ApplicationFilterChain.doFilter(ApplicationFilterChain.java:140)
	at org.springframework.web.filter.RequestContextFilter.doFilterInternal(RequestContextFilter.java:100)
	at org.springframework.web.filter.OncePerRequestFilter.doFilter(OncePerRequestFilter.java:116)
	at org.apache.catalina.core.ApplicationFilterChain.internalDoFilter(ApplicationFilterChain.java:164)
	at org.apache.catalina.core.ApplicationFilterChain.doFilter(ApplicationFilterChain.java:140)
	at org.springframework.web.filter.FormContentFilter.doFilterInternal(FormContentFilter.java:93)
	at org.springframework.web.filter.OncePerRequestFilter.doFilter(OncePerRequestFilter.java:116)
	at org.apache.catalina.core.ApplicationFilterChain.internalDoFilter(ApplicationFilterChain.java:164)
	at org.apache.catalina.core.ApplicationFilterChain.doFilter(ApplicationFilterChain.java:140)
	at org.springframework.web.filter.CharacterEncodingFilter.doFilterInternal(CharacterEncodingFilter.java:201)
	at org.springframework.web.filter.OncePerRequestFilter.doFilter(OncePerRequestFilter.java:116)
	at org.apache.catalina.core.ApplicationFilterChain.internalDoFilter(ApplicationFilterChain.java:164)
	at org.apache.catalina.core.ApplicationFilterChain.doFilter(ApplicationFilterChain.java:140)
	at org.apache.catalina.core.StandardWrapperValve.invoke(StandardWrapperValve.java:167)
	at org.apache.catalina.core.StandardContextValve.invoke(StandardContextValve.java:90)
	at org.apache.catalina.authenticator.AuthenticatorBase.invoke(AuthenticatorBase.java:483)
	at org.apache.catalina.core.StandardHostValve.invoke(StandardHostValve.java:115)
	at org.apache.catalina.valves.ErrorReportValve.invoke(ErrorReportValve.java:93)
	at org.apache.catalina.core.StandardEngineValve.invoke(StandardEngineValve.java:74)
	at org.apache.catalina.connector.CoyoteAdapter.service(CoyoteAdapter.java:344)
	at org.apache.coyote.http11.Http11Processor.service(Http11Processor.java:384)
	at org.apache.coyote.AbstractProcessorLight.process(AbstractProcessorLight.java:63)
	at org.apache.coyote.AbstractProtocol$ConnectionHandler.process(AbstractProtocol.java:905)
	at org.apache.tomcat.util.net.NioEndpoint$SocketProcessor.doRun(NioEndpoint.java:1741)
	at org.apache.tomcat.util.net.SocketProcessorBase.run(SocketProcessorBase.java:52)
	at org.apache.tomcat.util.threads.ThreadPoolExecutor.runWorker(ThreadPoolExecutor.java:1190)
	at org.apache.tomcat.util.threads.ThreadPoolExecutor$Worker.run(ThreadPoolExecutor.java:659)
	at org.apache.tomcat.util.threads.TaskThread$WrappingRunnable.run(TaskThread.java:63)
	at java.base/java.lang.Thread.run(Thread.java:1474)
2026-05-03 20:36:44 - Restarting due to 16 class path changes (0 additions, 16 deletions, 0 modifications)
2026-05-03 20:36:44 - Stopping ProtocolHandler ["http-nio-8082"]
2026-05-03 20:36:44 - Closing JPA EntityManagerFactory for persistence unit 'default'
2026-05-03 20:36:44 - HikariPool-1 - Shutdown initiated...
2026-05-03 20:36:44 - HikariPool-1 - Shutdown completed.
2026-05-03 20:36:47 - Starting HotelApplication using Java 25.0.2 with PID 312592 (C:\Users\orlan\Documents\GitHub\proyecto-aplicacion-reserva-hotelera\backend-springboot-aplicacion-web-reserva-hotelera\hotel\target\classes started by orlan in C:\Users\orlan\Documents\GitHub\proyecto-aplicacion-reserva-hotelera\backend-springboot-aplicacion-web-reserva-hotelera\hotel)
2026-05-03 20:36:47 - No active profile set, falling back to 1 default profile: "default"
2026-05-03 20:36:47 - Devtools property defaults active! Set 'spring.devtools.add-properties' to 'false' to disable
2026-05-03 20:36:47 - For additional web related logging consider setting the 'logging.level.web' property to 'DEBUG'
2026-05-03 20:36:47 - Bootstrapping Spring Data JPA repositories in DEFAULT mode.
2026-05-03 20:36:47 - Finished Spring Data repository scanning in 21 ms. Found 1 JPA repository interface.
2026-05-03 20:36:48 - Tomcat initialized with port 8082 (http)
2026-05-03 20:36:48 - Initializing ProtocolHandler ["http-nio-8082"]
2026-05-03 20:36:48 - Starting service [Tomcat]
2026-05-03 20:36:48 - Starting Servlet engine: [Apache Tomcat/10.1.30]
2026-05-03 20:36:48 - Initializing Spring embedded WebApplicationContext
2026-05-03 20:36:48 - Root WebApplicationContext: initialization completed in 601 ms
2026-05-03 20:36:48 - HHH000204: Processing PersistenceUnitInfo [name: default]
2026-05-03 20:36:48 - HHH000412: Hibernate ORM core version 6.5.3.Final
2026-05-03 20:36:48 - HHH000026: Second-level cache disabled
2026-05-03 20:36:48 - No LoadTimeWeaver setup: ignoring JPA class transformer
2026-05-03 20:36:48 - HikariPool-1 - Starting...
2026-05-03 20:36:48 - HikariPool-1 - Added connection com.mysql.cj.jdbc.ConnectionImpl@2bbb4b61
2026-05-03 20:36:48 - HikariPool-1 - Start completed.
2026-05-03 20:36:48 - HHH000489: No JTA platform available (set 'hibernate.transaction.jta.platform' to enable JTA platform integration)
2026-05-03 20:36:48 - Initialized JPA EntityManagerFactory for persistence unit 'default'
2026-05-03 20:36:48 - Hibernate is in classpath; If applicable, HQL parser will be used.
2026-05-03 20:36:49 - spring.jpa.open-in-view is enabled by default. Therefore, database queries may be performed during view rendering. Explicitly configure spring.jpa.open-in-view to disable this warning
2026-05-03 20:36:49 - LiveReload server is running on port 35729
2026-05-03 20:36:49 - Starting ProtocolHandler ["http-nio-8082"]
2026-05-03 20:36:49 - Tomcat started on port 8082 (http) with context path '/'
2026-05-03 20:36:49 - Started HotelApplication in 1.979 seconds (process running for 2.417)
2026-05-03 20:36:58 - Initializing Spring DispatcherServlet 'dispatcherServlet'
2026-05-03 20:36:58 - Initializing Servlet 'dispatcherServlet'
2026-05-03 20:36:58 - Completed initialization in 0 ms
2026-05-03 20:36:58 - método getAvailableHotelsWithServices()
2026-05-03 20:36:58 - error in getAvailableHotelsWithServices
org.springframework.web.client.HttpClientErrorException$NotFound: 404 : "{"timestamp":"2026-05-04T01:37:01.223Z","status":404,"error":"Not Found","path":"/api/services/2"}"
	at org.springframework.web.client.HttpClientErrorException.create(HttpClientErrorException.java:112)
	at org.springframework.web.client.DefaultResponseErrorHandler.handleError(DefaultResponseErrorHandler.java:183)
	at org.springframework.web.client.DefaultResponseErrorHandler.handleError(DefaultResponseErrorHandler.java:137)
	at org.springframework.web.client.ResponseErrorHandler.handleError(ResponseErrorHandler.java:63)
	at org.springframework.web.client.RestTemplate.handleResponse(RestTemplate.java:942)
	at org.springframework.web.client.RestTemplate.doExecute(RestTemplate.java:891)
	at org.springframework.web.client.RestTemplate.execute(RestTemplate.java:790)
	at org.springframework.web.client.RestTemplate.exchange(RestTemplate.java:701)
	at com.hotelsbook.hotel.service.HotelServiceClient.getHotelServices(HotelServiceClient.java:33)
	at com.hotelsbook.hotel.service.HotelService.getAvailableHotelsWithServicesAndReviews(HotelService.java:43)
	at com.hotelsbook.hotel.controller.HotelController.getAvailableHotelsWithServices(HotelController.java:40)
	at java.base/jdk.internal.reflect.DirectMethodHandleAccessor.invoke(DirectMethodHandleAccessor.java:104)
	at java.base/java.lang.reflect.Method.invoke(Method.java:565)
	at org.springframework.web.method.support.InvocableHandlerMethod.doInvoke(InvocableHandlerMethod.java:255)
	at org.springframework.web.method.support.InvocableHandlerMethod.invokeForRequest(InvocableHandlerMethod.java:188)
	at org.springframework.web.servlet.mvc.method.annotation.ServletInvocableHandlerMethod.invokeAndHandle(ServletInvocableHandlerMethod.java:118)
	at org.springframework.web.servlet.mvc.method.annotation.RequestMappingHandlerAdapter.invokeHandlerMethod(RequestMappingHandlerAdapter.java:926)
	at org.springframework.web.servlet.mvc.method.annotation.RequestMappingHandlerAdapter.handleInternal(RequestMappingHandlerAdapter.java:831)
	at org.springframework.web.servlet.mvc.method.AbstractHandlerMethodAdapter.handle(AbstractHandlerMethodAdapter.java:87)
	at org.springframework.web.servlet.DispatcherServlet.doDispatch(DispatcherServlet.java:1089)
	at org.springframework.web.servlet.DispatcherServlet.doService(DispatcherServlet.java:979)
	at org.springframework.web.servlet.FrameworkServlet.processRequest(FrameworkServlet.java:1014)
	at org.springframework.web.servlet.FrameworkServlet.doGet(FrameworkServlet.java:903)
	at jakarta.servlet.http.HttpServlet.service(HttpServlet.java:564)
	at org.springframework.web.servlet.FrameworkServlet.service(FrameworkServlet.java:885)
	at jakarta.servlet.http.HttpServlet.service(HttpServlet.java:658)
	at org.apache.catalina.core.ApplicationFilterChain.internalDoFilter(ApplicationFilterChain.java:195)
	at org.apache.catalina.core.ApplicationFilterChain.doFilter(ApplicationFilterChain.java:140)
	at org.apache.tomcat.websocket.server.WsFilter.doFilter(WsFilter.java:51)
	at org.apache.catalina.core.ApplicationFilterChain.internalDoFilter(ApplicationFilterChain.java:164)
	at org.apache.catalina.core.ApplicationFilterChain.doFilter(ApplicationFilterChain.java:140)
	at org.springframework.web.filter.RequestContextFilter.doFilterInternal(RequestContextFilter.java:100)
	at org.springframework.web.filter.OncePerRequestFilter.doFilter(OncePerRequestFilter.java:116)
	at org.apache.catalina.core.ApplicationFilterChain.internalDoFilter(ApplicationFilterChain.java:164)
	at org.apache.catalina.core.ApplicationFilterChain.doFilter(ApplicationFilterChain.java:140)
	at org.springframework.web.filter.FormContentFilter.doFilterInternal(FormContentFilter.java:93)
	at org.springframework.web.filter.OncePerRequestFilter.doFilter(OncePerRequestFilter.java:116)
	at org.apache.catalina.core.ApplicationFilterChain.internalDoFilter(ApplicationFilterChain.java:164)
	at org.apache.catalina.core.ApplicationFilterChain.doFilter(ApplicationFilterChain.java:140)
	at org.springframework.web.filter.CharacterEncodingFilter.doFilterInternal(CharacterEncodingFilter.java:201)
	at org.springframework.web.filter.OncePerRequestFilter.doFilter(OncePerRequestFilter.java:116)
	at org.apache.catalina.core.ApplicationFilterChain.internalDoFilter(ApplicationFilterChain.java:164)
	at org.apache.catalina.core.ApplicationFilterChain.doFilter(ApplicationFilterChain.java:140)
	at org.apache.catalina.core.StandardWrapperValve.invoke(StandardWrapperValve.java:167)
	at org.apache.catalina.core.StandardContextValve.invoke(StandardContextValve.java:90)
	at org.apache.catalina.authenticator.AuthenticatorBase.invoke(AuthenticatorBase.java:483)
	at org.apache.catalina.core.StandardHostValve.invoke(StandardHostValve.java:115)
	at org.apache.catalina.valves.ErrorReportValve.invoke(ErrorReportValve.java:93)
	at org.apache.catalina.core.StandardEngineValve.invoke(StandardEngineValve.java:74)
	at org.apache.catalina.connector.CoyoteAdapter.service(CoyoteAdapter.java:344)
	at org.apache.coyote.http11.Http11Processor.service(Http11Processor.java:384)
	at org.apache.coyote.AbstractProcessorLight.process(AbstractProcessorLight.java:63)
	at org.apache.coyote.AbstractProtocol$ConnectionHandler.process(AbstractProtocol.java:905)
	at org.apache.tomcat.util.net.NioEndpoint$SocketProcessor.doRun(NioEndpoint.java:1741)
	at org.apache.tomcat.util.net.SocketProcessorBase.run(SocketProcessorBase.java:52)
	at org.apache.tomcat.util.threads.ThreadPoolExecutor.runWorker(ThreadPoolExecutor.java:1190)
	at org.apache.tomcat.util.threads.ThreadPoolExecutor$Worker.run(ThreadPoolExecutor.java:659)
	at org.apache.tomcat.util.threads.TaskThread$WrappingRunnable.run(TaskThread.java:63)
	at java.base/java.lang.Thread.run(Thread.java:1474)
2026-05-03 21:25:01 - Restarting due to 16 class path changes (0 additions, 16 deletions, 0 modifications)
2026-05-03 21:25:01 - Stopping ProtocolHandler ["http-nio-8082"]
2026-05-03 21:25:01 - Closing JPA EntityManagerFactory for persistence unit 'default'
2026-05-03 21:25:01 - HikariPool-1 - Shutdown initiated...
2026-05-03 21:25:01 - HikariPool-1 - Shutdown completed.
2026-05-03 21:25:04 - Starting HotelApplication using Java 25.0.2 with PID 312592 (C:\Users\orlan\Documents\GitHub\proyecto-aplicacion-reserva-hotelera\backend-springboot-aplicacion-web-reserva-hotelera\hotel\target\classes started by orlan in C:\Users\orlan\Documents\GitHub\proyecto-aplicacion-reserva-hotelera\backend-springboot-aplicacion-web-reserva-hotelera\hotel)
2026-05-03 21:25:04 - No active profile set, falling back to 1 default profile: "default"
2026-05-03 21:25:04 - Bootstrapping Spring Data JPA repositories in DEFAULT mode.
2026-05-03 21:25:04 - Finished Spring Data repository scanning in 9 ms. Found 1 JPA repository interface.
2026-05-03 21:25:04 - Tomcat initialized with port 8082 (http)
2026-05-03 21:25:04 - Starting service [Tomcat]
2026-05-03 21:25:04 - Starting Servlet engine: [Apache Tomcat/10.1.30]
2026-05-03 21:25:04 - Initializing Spring embedded WebApplicationContext
2026-05-03 21:25:04 - Root WebApplicationContext: initialization completed in 281 ms
2026-05-03 21:25:05 - HHH000204: Processing PersistenceUnitInfo [name: default]
2026-05-03 21:25:05 - HHH000026: Second-level cache disabled
2026-05-03 21:25:05 - No LoadTimeWeaver setup: ignoring JPA class transformer
2026-05-03 21:25:05 - HikariPool-2 - Starting...
2026-05-03 21:25:05 - HikariPool-2 - Added connection com.mysql.cj.jdbc.ConnectionImpl@4d23d295
2026-05-03 21:25:05 - HikariPool-2 - Start completed.
2026-05-03 21:25:05 - HHH000489: No JTA platform available (set 'hibernate.transaction.jta.platform' to enable JTA platform integration)
2026-05-03 21:25:05 - Initialized JPA EntityManagerFactory for persistence unit 'default'
2026-05-03 21:25:05 - spring.jpa.open-in-view is enabled by default. Therefore, database queries may be performed during view rendering. Explicitly configure spring.jpa.open-in-view to disable this warning
2026-05-03 21:25:05 - LiveReload server is running on port 35729
2026-05-03 21:25:05 - Tomcat started on port 8082 (http) with context path '/'
2026-05-03 21:25:05 - Started HotelApplication in 0.496 seconds (process running for 2894.656)
2026-05-03 21:25:05 - Condition evaluation unchanged
2026-05-03 21:25:10 - Restarting due to 15 class path changes (0 additions, 0 deletions, 15 modifications)
2026-05-03 21:25:10 - Closing JPA EntityManagerFactory for persistence unit 'default'
2026-05-03 21:25:10 - HikariPool-2 - Shutdown initiated...
2026-05-03 21:25:10 - HikariPool-2 - Shutdown completed.
2026-05-03 21:25:10 - Starting HotelApplication using Java 25.0.2 with PID 312592 (C:\Users\orlan\Documents\GitHub\proyecto-aplicacion-reserva-hotelera\backend-springboot-aplicacion-web-reserva-hotelera\hotel\target\classes started by orlan in C:\Users\orlan\Documents\GitHub\proyecto-aplicacion-reserva-hotelera\backend-springboot-aplicacion-web-reserva-hotelera\hotel)
2026-05-03 21:25:10 - No active profile set, falling back to 1 default profile: "default"
2026-05-03 21:25:10 - Bootstrapping Spring Data JPA repositories in DEFAULT mode.
2026-05-03 21:25:10 - Finished Spring Data repository scanning in 3 ms. Found 1 JPA repository interface.
2026-05-03 21:25:10 - Tomcat initialized with port 8082 (http)
2026-05-03 21:25:10 - Starting service [Tomcat]
2026-05-03 21:25:10 - Starting Servlet engine: [Apache Tomcat/10.1.30]
2026-05-03 21:25:10 - Initializing Spring embedded WebApplicationContext
2026-05-03 21:25:10 - Root WebApplicationContext: initialization completed in 99 ms
2026-05-03 21:25:10 - HHH000204: Processing PersistenceUnitInfo [name: default]
2026-05-03 21:25:10 - HHH000026: Second-level cache disabled
2026-05-03 21:25:10 - No LoadTimeWeaver setup: ignoring JPA class transformer
2026-05-03 21:25:10 - HikariPool-3 - Starting...
2026-05-03 21:25:10 - HikariPool-3 - Added connection com.mysql.cj.jdbc.ConnectionImpl@4a282b98
2026-05-03 21:25:10 - HikariPool-3 - Start completed.
2026-05-03 21:25:10 - HHH000489: No JTA platform available (set 'hibernate.transaction.jta.platform' to enable JTA platform integration)
2026-05-03 21:25:10 - Initialized JPA EntityManagerFactory for persistence unit 'default'
2026-05-03 21:25:10 - spring.jpa.open-in-view is enabled by default. Therefore, database queries may be performed during view rendering. Explicitly configure spring.jpa.open-in-view to disable this warning
2026-05-03 21:25:10 - LiveReload server is running on port 35729
2026-05-03 21:25:10 - Tomcat started on port 8082 (http) with context path '/'
2026-05-03 21:25:10 - Started HotelApplication in 0.258 seconds (process running for 2900.172)
2026-05-03 21:25:10 - Condition evaluation unchanged
2026-05-03 21:26:05 - Restarting due to 1 class path change (0 additions, 0 deletions, 1 modification)
2026-05-03 21:26:05 - Closing JPA EntityManagerFactory for persistence unit 'default'
2026-05-03 21:26:05 - HikariPool-3 - Shutdown initiated...
2026-05-03 21:26:05 - HikariPool-3 - Shutdown completed.
2026-05-03 21:26:06 - Starting HotelApplication using Java 25.0.2 with PID 312592 (C:\Users\orlan\Documents\GitHub\proyecto-aplicacion-reserva-hotelera\backend-springboot-aplicacion-web-reserva-hotelera\hotel\target\classes started by orlan in C:\Users\orlan\Documents\GitHub\proyecto-aplicacion-reserva-hotelera\backend-springboot-aplicacion-web-reserva-hotelera\hotel)
2026-05-03 21:26:06 - No active profile set, falling back to 1 default profile: "default"
2026-05-03 21:26:06 - Bootstrapping Spring Data JPA repositories in DEFAULT mode.
2026-05-03 21:26:06 - Finished Spring Data repository scanning in 19 ms. Found 1 JPA repository interface.
2026-05-03 21:26:06 - Tomcat initialized with port 8082 (http)
2026-05-03 21:26:06 - Starting service [Tomcat]
2026-05-03 21:26:06 - Starting Servlet engine: [Apache Tomcat/10.1.30]
2026-05-03 21:26:06 - Initializing Spring embedded WebApplicationContext
2026-05-03 21:26:06 - Root WebApplicationContext: initialization completed in 367 ms
2026-05-03 21:26:06 - HHH000204: Processing PersistenceUnitInfo [name: default]
2026-05-03 21:26:06 - HHH000026: Second-level cache disabled
2026-05-03 21:26:06 - No LoadTimeWeaver setup: ignoring JPA class transformer
2026-05-03 21:26:06 - HikariPool-4 - Starting...
2026-05-03 21:26:06 - HikariPool-4 - Added connection com.mysql.cj.jdbc.ConnectionImpl@35469d79
2026-05-03 21:26:06 - HikariPool-4 - Start completed.
2026-05-03 21:26:06 - HHH000489: No JTA platform available (set 'hibernate.transaction.jta.platform' to enable JTA platform integration)
2026-05-03 21:26:06 - Initialized JPA EntityManagerFactory for persistence unit 'default'
2026-05-03 21:26:06 - spring.jpa.open-in-view is enabled by default. Therefore, database queries may be performed during view rendering. Explicitly configure spring.jpa.open-in-view to disable this warning
2026-05-03 21:26:06 - LiveReload server is running on port 35729
2026-05-03 21:26:06 - Tomcat started on port 8082 (http) with context path '/'
2026-05-03 21:26:06 - Started HotelApplication in 0.509 seconds (process running for 2955.976)
2026-05-03 21:26:06 - Condition evaluation unchanged
2026-05-03 21:26:08 - Closing JPA EntityManagerFactory for persistence unit 'default'
2026-05-03 21:26:08 - HikariPool-4 - Shutdown initiated...
2026-05-03 21:26:08 - HikariPool-4 - Shutdown completed.
2026-05-03 21:26:09 - Starting HotelApplication using Java 25.0.2 with PID 322876 (C:\Users\orlan\Documents\GitHub\proyecto-aplicacion-reserva-hotelera\backend-springboot-aplicacion-web-reserva-hotelera\hotel\target\classes started by orlan in C:\Users\orlan\Documents\GitHub\proyecto-aplicacion-reserva-hotelera\backend-springboot-aplicacion-web-reserva-hotelera\hotel)
2026-05-03 21:26:09 - No active profile set, falling back to 1 default profile: "default"
2026-05-03 21:26:09 - Devtools property defaults active! Set 'spring.devtools.add-properties' to 'false' to disable
2026-05-03 21:26:09 - For additional web related logging consider setting the 'logging.level.web' property to 'DEBUG'
2026-05-03 21:26:10 - Bootstrapping Spring Data JPA repositories in DEFAULT mode.
2026-05-03 21:26:10 - Finished Spring Data repository scanning in 21 ms. Found 1 JPA repository interface.
2026-05-03 21:26:10 - Tomcat initialized with port 8082 (http)
2026-05-03 21:26:10 - Initializing ProtocolHandler ["http-nio-8082"]
2026-05-03 21:26:10 - Starting service [Tomcat]
2026-05-03 21:26:10 - Starting Servlet engine: [Apache Tomcat/10.1.30]
2026-05-03 21:26:10 - Initializing Spring embedded WebApplicationContext
2026-05-03 21:26:10 - Root WebApplicationContext: initialization completed in 585 ms
2026-05-03 21:26:10 - HHH000204: Processing PersistenceUnitInfo [name: default]
2026-05-03 21:26:10 - HHH000412: Hibernate ORM core version 6.5.3.Final
2026-05-03 21:26:10 - HHH000026: Second-level cache disabled
2026-05-03 21:26:10 - No LoadTimeWeaver setup: ignoring JPA class transformer
2026-05-03 21:26:10 - HikariPool-1 - Starting...
2026-05-03 21:26:10 - HikariPool-1 - Added connection com.mysql.cj.jdbc.ConnectionImpl@642c02cb
2026-05-03 21:26:10 - HikariPool-1 - Start completed.
2026-05-03 21:26:11 - HHH000489: No JTA platform available (set 'hibernate.transaction.jta.platform' to enable JTA platform integration)
2026-05-03 21:26:11 - Initialized JPA EntityManagerFactory for persistence unit 'default'
2026-05-03 21:26:11 - Hibernate is in classpath; If applicable, HQL parser will be used.
2026-05-03 21:26:11 - spring.jpa.open-in-view is enabled by default. Therefore, database queries may be performed during view rendering. Explicitly configure spring.jpa.open-in-view to disable this warning
2026-05-03 21:26:11 - LiveReload server is running on port 35729
2026-05-03 21:26:11 - Starting ProtocolHandler ["http-nio-8082"]
2026-05-03 21:26:11 - Tomcat started on port 8082 (http) with context path '/'
2026-05-03 21:26:11 - Started HotelApplication in 1.972 seconds (process running for 2.266)
2026-05-03 21:26:18 - Initializing Spring DispatcherServlet 'dispatcherServlet'
2026-05-03 21:26:18 - Initializing Servlet 'dispatcherServlet'
2026-05-03 21:26:18 - Completed initialization in 0 ms
2026-05-03 21:26:18 - método getAvailableHotelsWithServices()
2026-05-03 21:26:19 - error in getAvailableHotelsWithServices
org.springframework.web.client.HttpClientErrorException$NotFound: 404 : "{"timestamp":"2026-05-04T02:26:19.087Z","status":404,"error":"Not Found","path":"/api/services/2"}"
	at org.springframework.web.client.HttpClientErrorException.create(HttpClientErrorException.java:112)
	at org.springframework.web.client.DefaultResponseErrorHandler.handleError(DefaultResponseErrorHandler.java:183)
	at org.springframework.web.client.DefaultResponseErrorHandler.handleError(DefaultResponseErrorHandler.java:137)
	at org.springframework.web.client.ResponseErrorHandler.handleError(ResponseErrorHandler.java:63)
	at org.springframework.web.client.RestTemplate.handleResponse(RestTemplate.java:942)
	at org.springframework.web.client.RestTemplate.doExecute(RestTemplate.java:891)
	at org.springframework.web.client.RestTemplate.execute(RestTemplate.java:790)
	at org.springframework.web.client.RestTemplate.exchange(RestTemplate.java:701)
	at com.hotelsbook.hotel.service.HotelServiceClient.getHotelServices(HotelServiceClient.java:33)
	at com.hotelsbook.hotel.service.HotelService.getAvailableHotelsWithServicesAndReviews(HotelService.java:43)
	at com.hotelsbook.hotel.controller.HotelController.getAvailableHotelsWithServices(HotelController.java:40)
	at java.base/jdk.internal.reflect.DirectMethodHandleAccessor.invoke(DirectMethodHandleAccessor.java:104)
	at java.base/java.lang.reflect.Method.invoke(Method.java:565)
	at org.springframework.web.method.support.InvocableHandlerMethod.doInvoke(InvocableHandlerMethod.java:255)
	at org.springframework.web.method.support.InvocableHandlerMethod.invokeForRequest(InvocableHandlerMethod.java:188)
	at org.springframework.web.servlet.mvc.method.annotation.ServletInvocableHandlerMethod.invokeAndHandle(ServletInvocableHandlerMethod.java:118)
	at org.springframework.web.servlet.mvc.method.annotation.RequestMappingHandlerAdapter.invokeHandlerMethod(RequestMappingHandlerAdapter.java:926)
	at org.springframework.web.servlet.mvc.method.annotation.RequestMappingHandlerAdapter.handleInternal(RequestMappingHandlerAdapter.java:831)
	at org.springframework.web.servlet.mvc.method.AbstractHandlerMethodAdapter.handle(AbstractHandlerMethodAdapter.java:87)
	at org.springframework.web.servlet.DispatcherServlet.doDispatch(DispatcherServlet.java:1089)
	at org.springframework.web.servlet.DispatcherServlet.doService(DispatcherServlet.java:979)
	at org.springframework.web.servlet.FrameworkServlet.processRequest(FrameworkServlet.java:1014)
	at org.springframework.web.servlet.FrameworkServlet.doGet(FrameworkServlet.java:903)
	at jakarta.servlet.http.HttpServlet.service(HttpServlet.java:564)
	at org.springframework.web.servlet.FrameworkServlet.service(FrameworkServlet.java:885)
	at jakarta.servlet.http.HttpServlet.service(HttpServlet.java:658)
	at org.apache.catalina.core.ApplicationFilterChain.internalDoFilter(ApplicationFilterChain.java:195)
	at org.apache.catalina.core.ApplicationFilterChain.doFilter(ApplicationFilterChain.java:140)
	at org.apache.tomcat.websocket.server.WsFilter.doFilter(WsFilter.java:51)
	at org.apache.catalina.core.ApplicationFilterChain.internalDoFilter(ApplicationFilterChain.java:164)
	at org.apache.catalina.core.ApplicationFilterChain.doFilter(ApplicationFilterChain.java:140)
	at org.springframework.web.filter.RequestContextFilter.doFilterInternal(RequestContextFilter.java:100)
	at org.springframework.web.filter.OncePerRequestFilter.doFilter(OncePerRequestFilter.java:116)
	at org.apache.catalina.core.ApplicationFilterChain.internalDoFilter(ApplicationFilterChain.java:164)
	at org.apache.catalina.core.ApplicationFilterChain.doFilter(ApplicationFilterChain.java:140)
	at org.springframework.web.filter.FormContentFilter.doFilterInternal(FormContentFilter.java:93)
	at org.springframework.web.filter.OncePerRequestFilter.doFilter(OncePerRequestFilter.java:116)
	at org.apache.catalina.core.ApplicationFilterChain.internalDoFilter(ApplicationFilterChain.java:164)
	at org.apache.catalina.core.ApplicationFilterChain.doFilter(ApplicationFilterChain.java:140)
	at org.springframework.web.filter.CharacterEncodingFilter.doFilterInternal(CharacterEncodingFilter.java:201)
	at org.springframework.web.filter.OncePerRequestFilter.doFilter(OncePerRequestFilter.java:116)
	at org.apache.catalina.core.ApplicationFilterChain.internalDoFilter(ApplicationFilterChain.java:164)
	at org.apache.catalina.core.ApplicationFilterChain.doFilter(ApplicationFilterChain.java:140)
	at org.apache.catalina.core.StandardWrapperValve.invoke(StandardWrapperValve.java:167)
	at org.apache.catalina.core.StandardContextValve.invoke(StandardContextValve.java:90)
	at org.apache.catalina.authenticator.AuthenticatorBase.invoke(AuthenticatorBase.java:483)
	at org.apache.catalina.core.StandardHostValve.invoke(StandardHostValve.java:115)
	at org.apache.catalina.valves.ErrorReportValve.invoke(ErrorReportValve.java:93)
	at org.apache.catalina.core.StandardEngineValve.invoke(StandardEngineValve.java:74)
	at org.apache.catalina.connector.CoyoteAdapter.service(CoyoteAdapter.java:344)
	at org.apache.coyote.http11.Http11Processor.service(Http11Processor.java:384)
	at org.apache.coyote.AbstractProcessorLight.process(AbstractProcessorLight.java:63)
	at org.apache.coyote.AbstractProtocol$ConnectionHandler.process(AbstractProtocol.java:905)
	at org.apache.tomcat.util.net.NioEndpoint$SocketProcessor.doRun(NioEndpoint.java:1741)
	at org.apache.tomcat.util.net.SocketProcessorBase.run(SocketProcessorBase.java:52)
	at org.apache.tomcat.util.threads.ThreadPoolExecutor.runWorker(ThreadPoolExecutor.java:1190)
	at org.apache.tomcat.util.threads.ThreadPoolExecutor$Worker.run(ThreadPoolExecutor.java:659)
	at org.apache.tomcat.util.threads.TaskThread$WrappingRunnable.run(TaskThread.java:63)
	at java.base/java.lang.Thread.run(Thread.java:1474)
2026-05-03 21:26:20 - método getAvailableHotelsWithServices()
2026-05-03 21:26:20 - error in getAvailableHotelsWithServices
org.springframework.web.client.HttpClientErrorException$NotFound: 404 : "{"timestamp":"2026-05-04T02:26:20.084Z","status":404,"error":"Not Found","path":"/api/services/2"}"
	at org.springframework.web.client.HttpClientErrorException.create(HttpClientErrorException.java:112)
	at org.springframework.web.client.DefaultResponseErrorHandler.handleError(DefaultResponseErrorHandler.java:183)
	at org.springframework.web.client.DefaultResponseErrorHandler.handleError(DefaultResponseErrorHandler.java:137)
	at org.springframework.web.client.ResponseErrorHandler.handleError(ResponseErrorHandler.java:63)
	at org.springframework.web.client.RestTemplate.handleResponse(RestTemplate.java:942)
	at org.springframework.web.client.RestTemplate.doExecute(RestTemplate.java:891)
	at org.springframework.web.client.RestTemplate.execute(RestTemplate.java:790)
	at org.springframework.web.client.RestTemplate.exchange(RestTemplate.java:701)
	at com.hotelsbook.hotel.service.HotelServiceClient.getHotelServices(HotelServiceClient.java:33)
	at com.hotelsbook.hotel.service.HotelService.getAvailableHotelsWithServicesAndReviews(HotelService.java:43)
	at com.hotelsbook.hotel.controller.HotelController.getAvailableHotelsWithServices(HotelController.java:40)
	at java.base/jdk.internal.reflect.DirectMethodHandleAccessor.invoke(DirectMethodHandleAccessor.java:104)
	at java.base/java.lang.reflect.Method.invoke(Method.java:565)
	at org.springframework.web.method.support.InvocableHandlerMethod.doInvoke(InvocableHandlerMethod.java:255)
	at org.springframework.web.method.support.InvocableHandlerMethod.invokeForRequest(InvocableHandlerMethod.java:188)
	at org.springframework.web.servlet.mvc.method.annotation.ServletInvocableHandlerMethod.invokeAndHandle(ServletInvocableHandlerMethod.java:118)
	at org.springframework.web.servlet.mvc.method.annotation.RequestMappingHandlerAdapter.invokeHandlerMethod(RequestMappingHandlerAdapter.java:926)
	at org.springframework.web.servlet.mvc.method.annotation.RequestMappingHandlerAdapter.handleInternal(RequestMappingHandlerAdapter.java:831)
	at org.springframework.web.servlet.mvc.method.AbstractHandlerMethodAdapter.handle(AbstractHandlerMethodAdapter.java:87)
	at org.springframework.web.servlet.DispatcherServlet.doDispatch(DispatcherServlet.java:1089)
	at org.springframework.web.servlet.DispatcherServlet.doService(DispatcherServlet.java:979)
	at org.springframework.web.servlet.FrameworkServlet.processRequest(FrameworkServlet.java:1014)
	at org.springframework.web.servlet.FrameworkServlet.doGet(FrameworkServlet.java:903)
	at jakarta.servlet.http.HttpServlet.service(HttpServlet.java:564)
	at org.springframework.web.servlet.FrameworkServlet.service(FrameworkServlet.java:885)
	at jakarta.servlet.http.HttpServlet.service(HttpServlet.java:658)
	at org.apache.catalina.core.ApplicationFilterChain.internalDoFilter(ApplicationFilterChain.java:195)
	at org.apache.catalina.core.ApplicationFilterChain.doFilter(ApplicationFilterChain.java:140)
	at org.apache.tomcat.websocket.server.WsFilter.doFilter(WsFilter.java:51)
	at org.apache.catalina.core.ApplicationFilterChain.internalDoFilter(ApplicationFilterChain.java:164)
	at org.apache.catalina.core.ApplicationFilterChain.doFilter(ApplicationFilterChain.java:140)
	at org.springframework.web.filter.RequestContextFilter.doFilterInternal(RequestContextFilter.java:100)
	at org.springframework.web.filter.OncePerRequestFilter.doFilter(OncePerRequestFilter.java:116)
	at org.apache.catalina.core.ApplicationFilterChain.internalDoFilter(ApplicationFilterChain.java:164)
	at org.apache.catalina.core.ApplicationFilterChain.doFilter(ApplicationFilterChain.java:140)
	at org.springframework.web.filter.FormContentFilter.doFilterInternal(FormContentFilter.java:93)
	at org.springframework.web.filter.OncePerRequestFilter.doFilter(OncePerRequestFilter.java:116)
	at org.apache.catalina.core.ApplicationFilterChain.internalDoFilter(ApplicationFilterChain.java:164)
	at org.apache.catalina.core.ApplicationFilterChain.doFilter(ApplicationFilterChain.java:140)
	at org.springframework.web.filter.CharacterEncodingFilter.doFilterInternal(CharacterEncodingFilter.java:201)
	at org.springframework.web.filter.OncePerRequestFilter.doFilter(OncePerRequestFilter.java:116)
	at org.apache.catalina.core.ApplicationFilterChain.internalDoFilter(ApplicationFilterChain.java:164)
	at org.apache.catalina.core.ApplicationFilterChain.doFilter(ApplicationFilterChain.java:140)
	at org.apache.catalina.core.StandardWrapperValve.invoke(StandardWrapperValve.java:167)
	at org.apache.catalina.core.StandardContextValve.invoke(StandardContextValve.java:90)
	at org.apache.catalina.authenticator.AuthenticatorBase.invoke(AuthenticatorBase.java:483)
	at org.apache.catalina.core.StandardHostValve.invoke(StandardHostValve.java:115)
	at org.apache.catalina.valves.ErrorReportValve.invoke(ErrorReportValve.java:93)
	at org.apache.catalina.core.StandardEngineValve.invoke(StandardEngineValve.java:74)
	at org.apache.catalina.connector.CoyoteAdapter.service(CoyoteAdapter.java:344)
	at org.apache.coyote.http11.Http11Processor.service(Http11Processor.java:384)
	at org.apache.coyote.AbstractProcessorLight.process(AbstractProcessorLight.java:63)
	at org.apache.coyote.AbstractProtocol$ConnectionHandler.process(AbstractProtocol.java:905)
	at org.apache.tomcat.util.net.NioEndpoint$SocketProcessor.doRun(NioEndpoint.java:1741)
	at org.apache.tomcat.util.net.SocketProcessorBase.run(SocketProcessorBase.java:52)
	at org.apache.tomcat.util.threads.ThreadPoolExecutor.runWorker(ThreadPoolExecutor.java:1190)
	at org.apache.tomcat.util.threads.ThreadPoolExecutor$Worker.run(ThreadPoolExecutor.java:659)
	at org.apache.tomcat.util.threads.TaskThread$WrappingRunnable.run(TaskThread.java:63)
	at java.base/java.lang.Thread.run(Thread.java:1474)
2026-05-03 21:27:32 - método getAvailableHotelsWithServices()
2026-05-03 21:27:32 - error in getAvailableHotelsWithServices
org.springframework.web.client.HttpClientErrorException$NotFound: 404 : "{"timestamp":"2026-05-04T02:27:32.909Z","status":404,"error":"Not Found","path":"/api/services/2"}"
	at org.springframework.web.client.HttpClientErrorException.create(HttpClientErrorException.java:112)
	at org.springframework.web.client.DefaultResponseErrorHandler.handleError(DefaultResponseErrorHandler.java:183)
	at org.springframework.web.client.DefaultResponseErrorHandler.handleError(DefaultResponseErrorHandler.java:137)
	at org.springframework.web.client.ResponseErrorHandler.handleError(ResponseErrorHandler.java:63)
	at org.springframework.web.client.RestTemplate.handleResponse(RestTemplate.java:942)
	at org.springframework.web.client.RestTemplate.doExecute(RestTemplate.java:891)
	at org.springframework.web.client.RestTemplate.execute(RestTemplate.java:790)
	at org.springframework.web.client.RestTemplate.exchange(RestTemplate.java:701)
	at com.hotelsbook.hotel.service.HotelServiceClient.getHotelServices(HotelServiceClient.java:33)
	at com.hotelsbook.hotel.service.HotelService.getAvailableHotelsWithServicesAndReviews(HotelService.java:43)
	at com.hotelsbook.hotel.controller.HotelController.getAvailableHotelsWithServices(HotelController.java:40)
	at java.base/jdk.internal.reflect.DirectMethodHandleAccessor.invoke(DirectMethodHandleAccessor.java:104)
	at java.base/java.lang.reflect.Method.invoke(Method.java:565)
	at org.springframework.web.method.support.InvocableHandlerMethod.doInvoke(InvocableHandlerMethod.java:255)
	at org.springframework.web.method.support.InvocableHandlerMethod.invokeForRequest(InvocableHandlerMethod.java:188)
	at org.springframework.web.servlet.mvc.method.annotation.ServletInvocableHandlerMethod.invokeAndHandle(ServletInvocableHandlerMethod.java:118)
	at org.springframework.web.servlet.mvc.method.annotation.RequestMappingHandlerAdapter.invokeHandlerMethod(RequestMappingHandlerAdapter.java:926)
	at org.springframework.web.servlet.mvc.method.annotation.RequestMappingHandlerAdapter.handleInternal(RequestMappingHandlerAdapter.java:831)
	at org.springframework.web.servlet.mvc.method.AbstractHandlerMethodAdapter.handle(AbstractHandlerMethodAdapter.java:87)
	at org.springframework.web.servlet.DispatcherServlet.doDispatch(DispatcherServlet.java:1089)
	at org.springframework.web.servlet.DispatcherServlet.doService(DispatcherServlet.java:979)
	at org.springframework.web.servlet.FrameworkServlet.processRequest(FrameworkServlet.java:1014)
	at org.springframework.web.servlet.FrameworkServlet.doGet(FrameworkServlet.java:903)
	at jakarta.servlet.http.HttpServlet.service(HttpServlet.java:564)
	at org.springframework.web.servlet.FrameworkServlet.service(FrameworkServlet.java:885)
	at jakarta.servlet.http.HttpServlet.service(HttpServlet.java:658)
	at org.apache.catalina.core.ApplicationFilterChain.internalDoFilter(ApplicationFilterChain.java:195)
	at org.apache.catalina.core.ApplicationFilterChain.doFilter(ApplicationFilterChain.java:140)
	at org.apache.tomcat.websocket.server.WsFilter.doFilter(WsFilter.java:51)
	at org.apache.catalina.core.ApplicationFilterChain.internalDoFilter(ApplicationFilterChain.java:164)
	at org.apache.catalina.core.ApplicationFilterChain.doFilter(ApplicationFilterChain.java:140)
	at org.springframework.web.filter.RequestContextFilter.doFilterInternal(RequestContextFilter.java:100)
	at org.springframework.web.filter.OncePerRequestFilter.doFilter(OncePerRequestFilter.java:116)
	at org.apache.catalina.core.ApplicationFilterChain.internalDoFilter(ApplicationFilterChain.java:164)
	at org.apache.catalina.core.ApplicationFilterChain.doFilter(ApplicationFilterChain.java:140)
	at org.springframework.web.filter.FormContentFilter.doFilterInternal(FormContentFilter.java:93)
	at org.springframework.web.filter.OncePerRequestFilter.doFilter(OncePerRequestFilter.java:116)
	at org.apache.catalina.core.ApplicationFilterChain.internalDoFilter(ApplicationFilterChain.java:164)
	at org.apache.catalina.core.ApplicationFilterChain.doFilter(ApplicationFilterChain.java:140)
	at org.springframework.web.filter.CharacterEncodingFilter.doFilterInternal(CharacterEncodingFilter.java:201)
	at org.springframework.web.filter.OncePerRequestFilter.doFilter(OncePerRequestFilter.java:116)
	at org.apache.catalina.core.ApplicationFilterChain.internalDoFilter(ApplicationFilterChain.java:164)
	at org.apache.catalina.core.ApplicationFilterChain.doFilter(ApplicationFilterChain.java:140)
	at org.apache.catalina.core.StandardWrapperValve.invoke(StandardWrapperValve.java:167)
	at org.apache.catalina.core.StandardContextValve.invoke(StandardContextValve.java:90)
	at org.apache.catalina.authenticator.AuthenticatorBase.invoke(AuthenticatorBase.java:483)
	at org.apache.catalina.core.StandardHostValve.invoke(StandardHostValve.java:115)
	at org.apache.catalina.valves.ErrorReportValve.invoke(ErrorReportValve.java:93)
	at org.apache.catalina.core.StandardEngineValve.invoke(StandardEngineValve.java:74)
	at org.apache.catalina.connector.CoyoteAdapter.service(CoyoteAdapter.java:344)
	at org.apache.coyote.http11.Http11Processor.service(Http11Processor.java:384)
	at org.apache.coyote.AbstractProcessorLight.process(AbstractProcessorLight.java:63)
	at org.apache.coyote.AbstractProtocol$ConnectionHandler.process(AbstractProtocol.java:905)
	at org.apache.tomcat.util.net.NioEndpoint$SocketProcessor.doRun(NioEndpoint.java:1741)
	at org.apache.tomcat.util.net.SocketProcessorBase.run(SocketProcessorBase.java:52)
	at org.apache.tomcat.util.threads.ThreadPoolExecutor.runWorker(ThreadPoolExecutor.java:1190)
	at org.apache.tomcat.util.threads.ThreadPoolExecutor$Worker.run(ThreadPoolExecutor.java:659)
	at org.apache.tomcat.util.threads.TaskThread$WrappingRunnable.run(TaskThread.java:63)
	at java.base/java.lang.Thread.run(Thread.java:1474)
2026-05-03 21:30:19 - Restarting due to 4 class path changes (0 additions, 0 deletions, 4 modifications)
2026-05-03 21:30:19 - Stopping ProtocolHandler ["http-nio-8082"]
2026-05-03 21:30:19 - Closing JPA EntityManagerFactory for persistence unit 'default'
2026-05-03 21:30:19 - HikariPool-1 - Shutdown initiated...
2026-05-03 21:30:19 - HikariPool-1 - Shutdown completed.
2026-05-03 21:30:19 - Starting HotelApplication using Java 25.0.2 with PID 322876 (C:\Users\orlan\Documents\GitHub\proyecto-aplicacion-reserva-hotelera\backend-springboot-aplicacion-web-reserva-hotelera\hotel\target\classes started by orlan in C:\Users\orlan\Documents\GitHub\proyecto-aplicacion-reserva-hotelera\backend-springboot-aplicacion-web-reserva-hotelera\hotel)
2026-05-03 21:30:19 - No active profile set, falling back to 1 default profile: "default"
2026-05-03 21:30:20 - Bootstrapping Spring Data JPA repositories in DEFAULT mode.
2026-05-03 21:30:20 - Finished Spring Data repository scanning in 9 ms. Found 1 JPA repository interface.
2026-05-03 21:30:20 - Tomcat initialized with port 8082 (http)
2026-05-03 21:30:20 - Initializing ProtocolHandler ["http-nio-8082"]
2026-05-03 21:30:20 - Starting service [Tomcat]
2026-05-03 21:30:20 - Starting Servlet engine: [Apache Tomcat/10.1.30]
2026-05-03 21:30:20 - Initializing Spring embedded WebApplicationContext
2026-05-03 21:30:20 - Root WebApplicationContext: initialization completed in 365 ms
2026-05-03 21:30:20 - HHH000204: Processing PersistenceUnitInfo [name: default]
2026-05-03 21:30:20 - HHH000026: Second-level cache disabled
2026-05-03 21:30:20 - No LoadTimeWeaver setup: ignoring JPA class transformer
2026-05-03 21:30:20 - HikariPool-2 - Starting...
2026-05-03 21:30:20 - HikariPool-2 - Added connection com.mysql.cj.jdbc.ConnectionImpl@52aa1b2f
2026-05-03 21:30:20 - HikariPool-2 - Start completed.
2026-05-03 21:30:20 - HHH000489: No JTA platform available (set 'hibernate.transaction.jta.platform' to enable JTA platform integration)
2026-05-03 21:30:20 - Initialized JPA EntityManagerFactory for persistence unit 'default'
2026-05-03 21:30:20 - spring.jpa.open-in-view is enabled by default. Therefore, database queries may be performed during view rendering. Explicitly configure spring.jpa.open-in-view to disable this warning
2026-05-03 21:30:20 - LiveReload server is running on port 35729
2026-05-03 21:30:20 - Starting ProtocolHandler ["http-nio-8082"]
2026-05-03 21:30:20 - Tomcat started on port 8082 (http) with context path '/'
2026-05-03 21:30:20 - Started HotelApplication in 0.699 seconds (process running for 251.269)
2026-05-03 21:30:20 - Condition evaluation unchanged
2026-05-03 21:30:55 - Initializing Spring DispatcherServlet 'dispatcherServlet'
2026-05-03 21:30:55 - Initializing Servlet 'dispatcherServlet'
2026-05-03 21:30:55 - Completed initialization in 1 ms
2026-05-03 21:30:55 - método getAvailableHotelsWithServices()
2026-05-03 21:30:55 - error in getAvailableHotelsWithServices
org.springframework.web.client.HttpClientErrorException$NotFound: 404 : "{"timestamp":"2026-05-04T02:30:55.711Z","status":404,"error":"Not Found","path":"/api/services/2"}"
	at org.springframework.web.client.HttpClientErrorException.create(HttpClientErrorException.java:112)
	at org.springframework.web.client.DefaultResponseErrorHandler.handleError(DefaultResponseErrorHandler.java:183)
	at org.springframework.web.client.DefaultResponseErrorHandler.handleError(DefaultResponseErrorHandler.java:137)
	at org.springframework.web.client.ResponseErrorHandler.handleError(ResponseErrorHandler.java:63)
	at org.springframework.web.client.RestTemplate.handleResponse(RestTemplate.java:942)
	at org.springframework.web.client.RestTemplate.doExecute(RestTemplate.java:891)
	at org.springframework.web.client.RestTemplate.execute(RestTemplate.java:790)
	at org.springframework.web.client.RestTemplate.exchange(RestTemplate.java:701)
	at com.hotelsbook.hotel.service.HotelServiceClient.getHotelServices(HotelServiceClient.java:33)
	at com.hotelsbook.hotel.service.HotelService.getAvailableHotelsWithServicesAndReviews(HotelService.java:43)
	at com.hotelsbook.hotel.controller.HotelController.getAvailableHotelsWithServices(HotelController.java:40)
	at java.base/jdk.internal.reflect.DirectMethodHandleAccessor.invoke(DirectMethodHandleAccessor.java:104)
	at java.base/java.lang.reflect.Method.invoke(Method.java:565)
	at org.springframework.web.method.support.InvocableHandlerMethod.doInvoke(InvocableHandlerMethod.java:255)
	at org.springframework.web.method.support.InvocableHandlerMethod.invokeForRequest(InvocableHandlerMethod.java:188)
	at org.springframework.web.servlet.mvc.method.annotation.ServletInvocableHandlerMethod.invokeAndHandle(ServletInvocableHandlerMethod.java:118)
	at org.springframework.web.servlet.mvc.method.annotation.RequestMappingHandlerAdapter.invokeHandlerMethod(RequestMappingHandlerAdapter.java:926)
	at org.springframework.web.servlet.mvc.method.annotation.RequestMappingHandlerAdapter.handleInternal(RequestMappingHandlerAdapter.java:831)
	at org.springframework.web.servlet.mvc.method.AbstractHandlerMethodAdapter.handle(AbstractHandlerMethodAdapter.java:87)
	at org.springframework.web.servlet.DispatcherServlet.doDispatch(DispatcherServlet.java:1089)
	at org.springframework.web.servlet.DispatcherServlet.doService(DispatcherServlet.java:979)
	at org.springframework.web.servlet.FrameworkServlet.processRequest(FrameworkServlet.java:1014)
	at org.springframework.web.servlet.FrameworkServlet.doGet(FrameworkServlet.java:903)
	at jakarta.servlet.http.HttpServlet.service(HttpServlet.java:564)
	at org.springframework.web.servlet.FrameworkServlet.service(FrameworkServlet.java:885)
	at jakarta.servlet.http.HttpServlet.service(HttpServlet.java:658)
	at org.apache.catalina.core.ApplicationFilterChain.internalDoFilter(ApplicationFilterChain.java:195)
	at org.apache.catalina.core.ApplicationFilterChain.doFilter(ApplicationFilterChain.java:140)
	at org.apache.tomcat.websocket.server.WsFilter.doFilter(WsFilter.java:51)
	at org.apache.catalina.core.ApplicationFilterChain.internalDoFilter(ApplicationFilterChain.java:164)
	at org.apache.catalina.core.ApplicationFilterChain.doFilter(ApplicationFilterChain.java:140)
	at org.springframework.web.filter.RequestContextFilter.doFilterInternal(RequestContextFilter.java:100)
	at org.springframework.web.filter.OncePerRequestFilter.doFilter(OncePerRequestFilter.java:116)
	at org.apache.catalina.core.ApplicationFilterChain.internalDoFilter(ApplicationFilterChain.java:164)
	at org.apache.catalina.core.ApplicationFilterChain.doFilter(ApplicationFilterChain.java:140)
	at org.springframework.web.filter.FormContentFilter.doFilterInternal(FormContentFilter.java:93)
	at org.springframework.web.filter.OncePerRequestFilter.doFilter(OncePerRequestFilter.java:116)
	at org.apache.catalina.core.ApplicationFilterChain.internalDoFilter(ApplicationFilterChain.java:164)
	at org.apache.catalina.core.ApplicationFilterChain.doFilter(ApplicationFilterChain.java:140)
	at org.springframework.web.filter.CharacterEncodingFilter.doFilterInternal(CharacterEncodingFilter.java:201)
	at org.springframework.web.filter.OncePerRequestFilter.doFilter(OncePerRequestFilter.java:116)
	at org.apache.catalina.core.ApplicationFilterChain.internalDoFilter(ApplicationFilterChain.java:164)
	at org.apache.catalina.core.ApplicationFilterChain.doFilter(ApplicationFilterChain.java:140)
	at org.apache.catalina.core.StandardWrapperValve.invoke(StandardWrapperValve.java:167)
	at org.apache.catalina.core.StandardContextValve.invoke(StandardContextValve.java:90)
	at org.apache.catalina.authenticator.AuthenticatorBase.invoke(AuthenticatorBase.java:483)
	at org.apache.catalina.core.StandardHostValve.invoke(StandardHostValve.java:115)
	at org.apache.catalina.valves.ErrorReportValve.invoke(ErrorReportValve.java:93)
	at org.apache.catalina.core.StandardEngineValve.invoke(StandardEngineValve.java:74)
	at org.apache.catalina.connector.CoyoteAdapter.service(CoyoteAdapter.java:344)
	at org.apache.coyote.http11.Http11Processor.service(Http11Processor.java:384)
	at org.apache.coyote.AbstractProcessorLight.process(AbstractProcessorLight.java:63)
	at org.apache.coyote.AbstractProtocol$ConnectionHandler.process(AbstractProtocol.java:905)
	at org.apache.tomcat.util.net.NioEndpoint$SocketProcessor.doRun(NioEndpoint.java:1741)
	at org.apache.tomcat.util.net.SocketProcessorBase.run(SocketProcessorBase.java:52)
	at org.apache.tomcat.util.threads.ThreadPoolExecutor.runWorker(ThreadPoolExecutor.java:1190)
	at org.apache.tomcat.util.threads.ThreadPoolExecutor$Worker.run(ThreadPoolExecutor.java:659)
	at org.apache.tomcat.util.threads.TaskThread$WrappingRunnable.run(TaskThread.java:63)
	at java.base/java.lang.Thread.run(Thread.java:1474)
2026-05-03 21:30:56 - método getAvailableHotelsWithServices()
2026-05-03 21:30:56 - error in getAvailableHotelsWithServices
org.springframework.web.client.HttpClientErrorException$NotFound: 404 : "{"timestamp":"2026-05-04T02:30:56.831Z","status":404,"error":"Not Found","path":"/api/services/2"}"
	at org.springframework.web.client.HttpClientErrorException.create(HttpClientErrorException.java:112)
	at org.springframework.web.client.DefaultResponseErrorHandler.handleError(DefaultResponseErrorHandler.java:183)
	at org.springframework.web.client.DefaultResponseErrorHandler.handleError(DefaultResponseErrorHandler.java:137)
	at org.springframework.web.client.ResponseErrorHandler.handleError(ResponseErrorHandler.java:63)
	at org.springframework.web.client.RestTemplate.handleResponse(RestTemplate.java:942)
	at org.springframework.web.client.RestTemplate.doExecute(RestTemplate.java:891)
	at org.springframework.web.client.RestTemplate.execute(RestTemplate.java:790)
	at org.springframework.web.client.RestTemplate.exchange(RestTemplate.java:701)
	at com.hotelsbook.hotel.service.HotelServiceClient.getHotelServices(HotelServiceClient.java:33)
	at com.hotelsbook.hotel.service.HotelService.getAvailableHotelsWithServicesAndReviews(HotelService.java:43)
	at com.hotelsbook.hotel.controller.HotelController.getAvailableHotelsWithServices(HotelController.java:40)
	at java.base/jdk.internal.reflect.DirectMethodHandleAccessor.invoke(DirectMethodHandleAccessor.java:104)
	at java.base/java.lang.reflect.Method.invoke(Method.java:565)
	at org.springframework.web.method.support.InvocableHandlerMethod.doInvoke(InvocableHandlerMethod.java:255)
	at org.springframework.web.method.support.InvocableHandlerMethod.invokeForRequest(InvocableHandlerMethod.java:188)
	at org.springframework.web.servlet.mvc.method.annotation.ServletInvocableHandlerMethod.invokeAndHandle(ServletInvocableHandlerMethod.java:118)
	at org.springframework.web.servlet.mvc.method.annotation.RequestMappingHandlerAdapter.invokeHandlerMethod(RequestMappingHandlerAdapter.java:926)
	at org.springframework.web.servlet.mvc.method.annotation.RequestMappingHandlerAdapter.handleInternal(RequestMappingHandlerAdapter.java:831)
	at org.springframework.web.servlet.mvc.method.AbstractHandlerMethodAdapter.handle(AbstractHandlerMethodAdapter.java:87)
	at org.springframework.web.servlet.DispatcherServlet.doDispatch(DispatcherServlet.java:1089)
	at org.springframework.web.servlet.DispatcherServlet.doService(DispatcherServlet.java:979)
	at org.springframework.web.servlet.FrameworkServlet.processRequest(FrameworkServlet.java:1014)
	at org.springframework.web.servlet.FrameworkServlet.doGet(FrameworkServlet.java:903)
	at jakarta.servlet.http.HttpServlet.service(HttpServlet.java:564)
	at org.springframework.web.servlet.FrameworkServlet.service(FrameworkServlet.java:885)
	at jakarta.servlet.http.HttpServlet.service(HttpServlet.java:658)
	at org.apache.catalina.core.ApplicationFilterChain.internalDoFilter(ApplicationFilterChain.java:195)
	at org.apache.catalina.core.ApplicationFilterChain.doFilter(ApplicationFilterChain.java:140)
	at org.apache.tomcat.websocket.server.WsFilter.doFilter(WsFilter.java:51)
	at org.apache.catalina.core.ApplicationFilterChain.internalDoFilter(ApplicationFilterChain.java:164)
	at org.apache.catalina.core.ApplicationFilterChain.doFilter(ApplicationFilterChain.java:140)
	at org.springframework.web.filter.RequestContextFilter.doFilterInternal(RequestContextFilter.java:100)
	at org.springframework.web.filter.OncePerRequestFilter.doFilter(OncePerRequestFilter.java:116)
	at org.apache.catalina.core.ApplicationFilterChain.internalDoFilter(ApplicationFilterChain.java:164)
	at org.apache.catalina.core.ApplicationFilterChain.doFilter(ApplicationFilterChain.java:140)
	at org.springframework.web.filter.FormContentFilter.doFilterInternal(FormContentFilter.java:93)
	at org.springframework.web.filter.OncePerRequestFilter.doFilter(OncePerRequestFilter.java:116)
	at org.apache.catalina.core.ApplicationFilterChain.internalDoFilter(ApplicationFilterChain.java:164)
	at org.apache.catalina.core.ApplicationFilterChain.doFilter(ApplicationFilterChain.java:140)
	at org.springframework.web.filter.CharacterEncodingFilter.doFilterInternal(CharacterEncodingFilter.java:201)
	at org.springframework.web.filter.OncePerRequestFilter.doFilter(OncePerRequestFilter.java:116)
	at org.apache.catalina.core.ApplicationFilterChain.internalDoFilter(ApplicationFilterChain.java:164)
	at org.apache.catalina.core.ApplicationFilterChain.doFilter(ApplicationFilterChain.java:140)
	at org.apache.catalina.core.StandardWrapperValve.invoke(StandardWrapperValve.java:167)
	at org.apache.catalina.core.StandardContextValve.invoke(StandardContextValve.java:90)
	at org.apache.catalina.authenticator.AuthenticatorBase.invoke(AuthenticatorBase.java:483)
	at org.apache.catalina.core.StandardHostValve.invoke(StandardHostValve.java:115)
	at org.apache.catalina.valves.ErrorReportValve.invoke(ErrorReportValve.java:93)
	at org.apache.catalina.core.StandardEngineValve.invoke(StandardEngineValve.java:74)
	at org.apache.catalina.connector.CoyoteAdapter.service(CoyoteAdapter.java:344)
	at org.apache.coyote.http11.Http11Processor.service(Http11Processor.java:384)
	at org.apache.coyote.AbstractProcessorLight.process(AbstractProcessorLight.java:63)
	at org.apache.coyote.AbstractProtocol$ConnectionHandler.process(AbstractProtocol.java:905)
	at org.apache.tomcat.util.net.NioEndpoint$SocketProcessor.doRun(NioEndpoint.java:1741)
	at org.apache.tomcat.util.net.SocketProcessorBase.run(SocketProcessorBase.java:52)
	at org.apache.tomcat.util.threads.ThreadPoolExecutor.runWorker(ThreadPoolExecutor.java:1190)
	at org.apache.tomcat.util.threads.ThreadPoolExecutor$Worker.run(ThreadPoolExecutor.java:659)
	at org.apache.tomcat.util.threads.TaskThread$WrappingRunnable.run(TaskThread.java:63)
	at java.base/java.lang.Thread.run(Thread.java:1474)
2026-05-03 21:31:01 - método getAvailableHotelsWithServices()
2026-05-03 21:31:01 - error in getAvailableHotelsWithServices
org.springframework.web.client.HttpClientErrorException$NotFound: 404 : "{"timestamp":"2026-05-04T02:31:01.502Z","status":404,"error":"Not Found","path":"/api/services/2"}"
	at org.springframework.web.client.HttpClientErrorException.create(HttpClientErrorException.java:112)
	at org.springframework.web.client.DefaultResponseErrorHandler.handleError(DefaultResponseErrorHandler.java:183)
	at org.springframework.web.client.DefaultResponseErrorHandler.handleError(DefaultResponseErrorHandler.java:137)
	at org.springframework.web.client.ResponseErrorHandler.handleError(ResponseErrorHandler.java:63)
	at org.springframework.web.client.RestTemplate.handleResponse(RestTemplate.java:942)
	at org.springframework.web.client.RestTemplate.doExecute(RestTemplate.java:891)
	at org.springframework.web.client.RestTemplate.execute(RestTemplate.java:790)
	at org.springframework.web.client.RestTemplate.exchange(RestTemplate.java:701)
	at com.hotelsbook.hotel.service.HotelServiceClient.getHotelServices(HotelServiceClient.java:33)
	at com.hotelsbook.hotel.service.HotelService.getAvailableHotelsWithServicesAndReviews(HotelService.java:43)
	at com.hotelsbook.hotel.controller.HotelController.getAvailableHotelsWithServices(HotelController.java:40)
	at java.base/jdk.internal.reflect.DirectMethodHandleAccessor.invoke(DirectMethodHandleAccessor.java:104)
	at java.base/java.lang.reflect.Method.invoke(Method.java:565)
	at org.springframework.web.method.support.InvocableHandlerMethod.doInvoke(InvocableHandlerMethod.java:255)
	at org.springframework.web.method.support.InvocableHandlerMethod.invokeForRequest(InvocableHandlerMethod.java:188)
	at org.springframework.web.servlet.mvc.method.annotation.ServletInvocableHandlerMethod.invokeAndHandle(ServletInvocableHandlerMethod.java:118)
	at org.springframework.web.servlet.mvc.method.annotation.RequestMappingHandlerAdapter.invokeHandlerMethod(RequestMappingHandlerAdapter.java:926)
	at org.springframework.web.servlet.mvc.method.annotation.RequestMappingHandlerAdapter.handleInternal(RequestMappingHandlerAdapter.java:831)
	at org.springframework.web.servlet.mvc.method.AbstractHandlerMethodAdapter.handle(AbstractHandlerMethodAdapter.java:87)
	at org.springframework.web.servlet.DispatcherServlet.doDispatch(DispatcherServlet.java:1089)
	at org.springframework.web.servlet.DispatcherServlet.doService(DispatcherServlet.java:979)
	at org.springframework.web.servlet.FrameworkServlet.processRequest(FrameworkServlet.java:1014)
	at org.springframework.web.servlet.FrameworkServlet.doGet(FrameworkServlet.java:903)
	at jakarta.servlet.http.HttpServlet.service(HttpServlet.java:564)
	at org.springframework.web.servlet.FrameworkServlet.service(FrameworkServlet.java:885)
	at jakarta.servlet.http.HttpServlet.service(HttpServlet.java:658)
	at org.apache.catalina.core.ApplicationFilterChain.internalDoFilter(ApplicationFilterChain.java:195)
	at org.apache.catalina.core.ApplicationFilterChain.doFilter(ApplicationFilterChain.java:140)
	at org.apache.tomcat.websocket.server.WsFilter.doFilter(WsFilter.java:51)
	at org.apache.catalina.core.ApplicationFilterChain.internalDoFilter(ApplicationFilterChain.java:164)
	at org.apache.catalina.core.ApplicationFilterChain.doFilter(ApplicationFilterChain.java:140)
	at org.springframework.web.filter.RequestContextFilter.doFilterInternal(RequestContextFilter.java:100)
	at org.springframework.web.filter.OncePerRequestFilter.doFilter(OncePerRequestFilter.java:116)
	at org.apache.catalina.core.ApplicationFilterChain.internalDoFilter(ApplicationFilterChain.java:164)
	at org.apache.catalina.core.ApplicationFilterChain.doFilter(ApplicationFilterChain.java:140)
	at org.springframework.web.filter.FormContentFilter.doFilterInternal(FormContentFilter.java:93)
	at org.springframework.web.filter.OncePerRequestFilter.doFilter(OncePerRequestFilter.java:116)
	at org.apache.catalina.core.ApplicationFilterChain.internalDoFilter(ApplicationFilterChain.java:164)
	at org.apache.catalina.core.ApplicationFilterChain.doFilter(ApplicationFilterChain.java:140)
	at org.springframework.web.filter.CharacterEncodingFilter.doFilterInternal(CharacterEncodingFilter.java:201)
	at org.springframework.web.filter.OncePerRequestFilter.doFilter(OncePerRequestFilter.java:116)
	at org.apache.catalina.core.ApplicationFilterChain.internalDoFilter(ApplicationFilterChain.java:164)
	at org.apache.catalina.core.ApplicationFilterChain.doFilter(ApplicationFilterChain.java:140)
	at org.apache.catalina.core.StandardWrapperValve.invoke(StandardWrapperValve.java:167)
	at org.apache.catalina.core.StandardContextValve.invoke(StandardContextValve.java:90)
	at org.apache.catalina.authenticator.AuthenticatorBase.invoke(AuthenticatorBase.java:483)
	at org.apache.catalina.core.StandardHostValve.invoke(StandardHostValve.java:115)
	at org.apache.catalina.valves.ErrorReportValve.invoke(ErrorReportValve.java:93)
	at org.apache.catalina.core.StandardEngineValve.invoke(StandardEngineValve.java:74)
	at org.apache.catalina.connector.CoyoteAdapter.service(CoyoteAdapter.java:344)
	at org.apache.coyote.http11.Http11Processor.service(Http11Processor.java:384)
	at org.apache.coyote.AbstractProcessorLight.process(AbstractProcessorLight.java:63)
	at org.apache.coyote.AbstractProtocol$ConnectionHandler.process(AbstractProtocol.java:905)
	at org.apache.tomcat.util.net.NioEndpoint$SocketProcessor.doRun(NioEndpoint.java:1741)
	at org.apache.tomcat.util.net.SocketProcessorBase.run(SocketProcessorBase.java:52)
	at org.apache.tomcat.util.threads.ThreadPoolExecutor.runWorker(ThreadPoolExecutor.java:1190)
	at org.apache.tomcat.util.threads.ThreadPoolExecutor$Worker.run(ThreadPoolExecutor.java:659)
	at org.apache.tomcat.util.threads.TaskThread$WrappingRunnable.run(TaskThread.java:63)
	at java.base/java.lang.Thread.run(Thread.java:1474)
2026-05-03 21:32:18 - método getAvailableHotelsWithServices()
2026-05-03 21:32:18 - error in getAvailableHotelsWithServices
org.springframework.web.client.HttpClientErrorException$NotFound: 404 : "{"timestamp":"2026-05-04T02:32:18.372Z","status":404,"error":"Not Found","path":"/api/services/2"}"
	at org.springframework.web.client.HttpClientErrorException.create(HttpClientErrorException.java:112)
	at org.springframework.web.client.DefaultResponseErrorHandler.handleError(DefaultResponseErrorHandler.java:183)
	at org.springframework.web.client.DefaultResponseErrorHandler.handleError(DefaultResponseErrorHandler.java:137)
	at org.springframework.web.client.ResponseErrorHandler.handleError(ResponseErrorHandler.java:63)
	at org.springframework.web.client.RestTemplate.handleResponse(RestTemplate.java:942)
	at org.springframework.web.client.RestTemplate.doExecute(RestTemplate.java:891)
	at org.springframework.web.client.RestTemplate.execute(RestTemplate.java:790)
	at org.springframework.web.client.RestTemplate.exchange(RestTemplate.java:701)
	at com.hotelsbook.hotel.service.HotelServiceClient.getHotelServices(HotelServiceClient.java:33)
	at com.hotelsbook.hotel.service.HotelService.getAvailableHotelsWithServicesAndReviews(HotelService.java:43)
	at com.hotelsbook.hotel.controller.HotelController.getAvailableHotelsWithServices(HotelController.java:40)
	at java.base/jdk.internal.reflect.DirectMethodHandleAccessor.invoke(DirectMethodHandleAccessor.java:104)
	at java.base/java.lang.reflect.Method.invoke(Method.java:565)
	at org.springframework.web.method.support.InvocableHandlerMethod.doInvoke(InvocableHandlerMethod.java:255)
	at org.springframework.web.method.support.InvocableHandlerMethod.invokeForRequest(InvocableHandlerMethod.java:188)
	at org.springframework.web.servlet.mvc.method.annotation.ServletInvocableHandlerMethod.invokeAndHandle(ServletInvocableHandlerMethod.java:118)
	at org.springframework.web.servlet.mvc.method.annotation.RequestMappingHandlerAdapter.invokeHandlerMethod(RequestMappingHandlerAdapter.java:926)
	at org.springframework.web.servlet.mvc.method.annotation.RequestMappingHandlerAdapter.handleInternal(RequestMappingHandlerAdapter.java:831)
	at org.springframework.web.servlet.mvc.method.AbstractHandlerMethodAdapter.handle(AbstractHandlerMethodAdapter.java:87)
	at org.springframework.web.servlet.DispatcherServlet.doDispatch(DispatcherServlet.java:1089)
	at org.springframework.web.servlet.DispatcherServlet.doService(DispatcherServlet.java:979)
	at org.springframework.web.servlet.FrameworkServlet.processRequest(FrameworkServlet.java:1014)
	at org.springframework.web.servlet.FrameworkServlet.doGet(FrameworkServlet.java:903)
	at jakarta.servlet.http.HttpServlet.service(HttpServlet.java:564)
	at org.springframework.web.servlet.FrameworkServlet.service(FrameworkServlet.java:885)
	at jakarta.servlet.http.HttpServlet.service(HttpServlet.java:658)
	at org.apache.catalina.core.ApplicationFilterChain.internalDoFilter(ApplicationFilterChain.java:195)
	at org.apache.catalina.core.ApplicationFilterChain.doFilter(ApplicationFilterChain.java:140)
	at org.apache.tomcat.websocket.server.WsFilter.doFilter(WsFilter.java:51)
	at org.apache.catalina.core.ApplicationFilterChain.internalDoFilter(ApplicationFilterChain.java:164)
	at org.apache.catalina.core.ApplicationFilterChain.doFilter(ApplicationFilterChain.java:140)
	at org.springframework.web.filter.RequestContextFilter.doFilterInternal(RequestContextFilter.java:100)
	at org.springframework.web.filter.OncePerRequestFilter.doFilter(OncePerRequestFilter.java:116)
	at org.apache.catalina.core.ApplicationFilterChain.internalDoFilter(ApplicationFilterChain.java:164)
	at org.apache.catalina.core.ApplicationFilterChain.doFilter(ApplicationFilterChain.java:140)
	at org.springframework.web.filter.FormContentFilter.doFilterInternal(FormContentFilter.java:93)
	at org.springframework.web.filter.OncePerRequestFilter.doFilter(OncePerRequestFilter.java:116)
	at org.apache.catalina.core.ApplicationFilterChain.internalDoFilter(ApplicationFilterChain.java:164)
	at org.apache.catalina.core.ApplicationFilterChain.doFilter(ApplicationFilterChain.java:140)
	at org.springframework.web.filter.CharacterEncodingFilter.doFilterInternal(CharacterEncodingFilter.java:201)
	at org.springframework.web.filter.OncePerRequestFilter.doFilter(OncePerRequestFilter.java:116)
	at org.apache.catalina.core.ApplicationFilterChain.internalDoFilter(ApplicationFilterChain.java:164)
	at org.apache.catalina.core.ApplicationFilterChain.doFilter(ApplicationFilterChain.java:140)
	at org.apache.catalina.core.StandardWrapperValve.invoke(StandardWrapperValve.java:167)
	at org.apache.catalina.core.StandardContextValve.invoke(StandardContextValve.java:90)
	at org.apache.catalina.authenticator.AuthenticatorBase.invoke(AuthenticatorBase.java:483)
	at org.apache.catalina.core.StandardHostValve.invoke(StandardHostValve.java:115)
	at org.apache.catalina.valves.ErrorReportValve.invoke(ErrorReportValve.java:93)
	at org.apache.catalina.core.StandardEngineValve.invoke(StandardEngineValve.java:74)
	at org.apache.catalina.connector.CoyoteAdapter.service(CoyoteAdapter.java:344)
	at org.apache.coyote.http11.Http11Processor.service(Http11Processor.java:384)
	at org.apache.coyote.AbstractProcessorLight.process(AbstractProcessorLight.java:63)
	at org.apache.coyote.AbstractProtocol$ConnectionHandler.process(AbstractProtocol.java:905)
	at org.apache.tomcat.util.net.NioEndpoint$SocketProcessor.doRun(NioEndpoint.java:1741)
	at org.apache.tomcat.util.net.SocketProcessorBase.run(SocketProcessorBase.java:52)
	at org.apache.tomcat.util.threads.ThreadPoolExecutor.runWorker(ThreadPoolExecutor.java:1190)
	at org.apache.tomcat.util.threads.ThreadPoolExecutor$Worker.run(ThreadPoolExecutor.java:659)
	at org.apache.tomcat.util.threads.TaskThread$WrappingRunnable.run(TaskThread.java:63)
	at java.base/java.lang.Thread.run(Thread.java:1474)
2026-05-03 21:32:22 - Closing JPA EntityManagerFactory for persistence unit 'default'
2026-05-03 21:32:22 - HikariPool-2 - Shutdown initiated...
2026-05-03 21:32:22 - HikariPool-2 - Shutdown completed.
2026-05-03 21:32:23 - Starting HotelApplication using Java 25.0.2 with PID 320792 (C:\Users\orlan\Documents\GitHub\proyecto-aplicacion-reserva-hotelera\backend-springboot-aplicacion-web-reserva-hotelera\hotel\target\classes started by orlan in C:\Users\orlan\Documents\GitHub\proyecto-aplicacion-reserva-hotelera\backend-springboot-aplicacion-web-reserva-hotelera\hotel)
2026-05-03 21:32:23 - No active profile set, falling back to 1 default profile: "default"
2026-05-03 21:32:23 - Devtools property defaults active! Set 'spring.devtools.add-properties' to 'false' to disable
2026-05-03 21:32:23 - For additional web related logging consider setting the 'logging.level.web' property to 'DEBUG'
2026-05-03 21:32:23 - Bootstrapping Spring Data JPA repositories in DEFAULT mode.
2026-05-03 21:32:23 - Finished Spring Data repository scanning in 23 ms. Found 1 JPA repository interface.
2026-05-03 21:32:24 - Tomcat initialized with port 8082 (http)
2026-05-03 21:32:24 - Initializing ProtocolHandler ["http-nio-8082"]
2026-05-03 21:32:24 - Starting service [Tomcat]
2026-05-03 21:32:24 - Starting Servlet engine: [Apache Tomcat/10.1.30]
2026-05-03 21:32:24 - Initializing Spring embedded WebApplicationContext
2026-05-03 21:32:24 - Root WebApplicationContext: initialization completed in 621 ms
2026-05-03 21:32:24 - HHH000204: Processing PersistenceUnitInfo [name: default]
2026-05-03 21:32:24 - HHH000412: Hibernate ORM core version 6.5.3.Final
2026-05-03 21:32:24 - HHH000026: Second-level cache disabled
2026-05-03 21:32:24 - No LoadTimeWeaver setup: ignoring JPA class transformer
2026-05-03 21:32:24 - HikariPool-1 - Starting...
2026-05-03 21:32:24 - HikariPool-1 - Added connection com.mysql.cj.jdbc.ConnectionImpl@1384ac9a
2026-05-03 21:32:24 - HikariPool-1 - Start completed.
2026-05-03 21:32:24 - HHH000489: No JTA platform available (set 'hibernate.transaction.jta.platform' to enable JTA platform integration)
2026-05-03 21:32:24 - Initialized JPA EntityManagerFactory for persistence unit 'default'
2026-05-03 21:32:25 - Hibernate is in classpath; If applicable, HQL parser will be used.
2026-05-03 21:32:25 - spring.jpa.open-in-view is enabled by default. Therefore, database queries may be performed during view rendering. Explicitly configure spring.jpa.open-in-view to disable this warning
2026-05-03 21:32:25 - LiveReload server is running on port 35729
2026-05-03 21:32:25 - Starting ProtocolHandler ["http-nio-8082"]
2026-05-03 21:32:25 - Tomcat started on port 8082 (http) with context path '/'
2026-05-03 21:32:25 - Started HotelApplication in 2.061 seconds (process running for 2.359)
2026-05-03 21:32:27 - Initializing Spring DispatcherServlet 'dispatcherServlet'
2026-05-03 21:32:27 - Initializing Servlet 'dispatcherServlet'
2026-05-03 21:32:27 - Completed initialization in 1 ms
2026-05-03 21:32:27 - método getAvailableHotelsWithServices()
2026-05-03 21:33:34 - método getAvailableHotelsWithServices()
2026-05-03 23:05:07 - Closing JPA EntityManagerFactory for persistence unit 'default'
2026-05-03 23:05:07 - HikariPool-1 - Shutdown initiated...
2026-05-03 23:05:07 - HikariPool-1 - Shutdown completed.
